series,workload,backend,mode,count,phase,metric,before_calls_per_batch,before_ns_per_dispatch,before_amount_per_batch,after_calls_per_batch,after_ns_per_dispatch,after_amount_per_batch
binding-profile-compute-all-modes,compute,wgpu,bulk-root-two-frozen-blocks,1024,encode,AllocateUniform,3072,1106.9,0,1024,1139.2,0
binding-profile-compute-all-modes,compute,wgpu,bulk-root-two-frozen-blocks,1024,encode,BindGroupAddRef,0,0.0,0,2048,55.6,0
binding-profile-compute-all-modes,compute,wgpu,bulk-root-two-frozen-blocks,1024,encode,BindingData,1024,4762.2,0,1024,2746.8,0
binding-profile-compute-all-modes,compute,wgpu,bulk-root-two-frozen-blocks,1024,encode,BufferMapAsync,1,5.2,0,1,6.0,0
binding-profile-compute-all-modes,compute,wgpu,bulk-root-two-frozen-blocks,1024,encode,DeviceCreateBindGroup,3072,2269.9,12288,1024,615.9,2048
binding-profile-compute-all-modes,compute,wgpu,bulk-root-two-frozen-blocks,1024,encode,DeviceCreateBuffer,2,364.7,8388608,2,374.9,8388608
binding-profile-compute-all-modes,compute,wgpu,bulk-root-two-frozen-blocks,1024,encode,InstanceWaitAny,1,655.0,0,1,729.8,0
binding-profile-compute-all-modes,compute,wgpu,bulk-root-two-frozen-blocks,1024,encode,MapPage,1,661.0,0,1,735.5,0
binding-profile-compute-all-modes,compute,wgpu,bulk-root-two-frozen-blocks,1024,encode,OrdinaryData,4096,1318.7,0,2048,1224.6,0
binding-profile-compute-all-modes,compute,wgpu,bulk-root-two-frozen-blocks,1024,encode,TrackResources,1024,146.6,0,1024,70.6,0
binding-profile-compute-all-modes,compute,wgpu,bulk-root-two-frozen-blocks,1024,finish,BufferUnmap,1,0.3,0,1,0.3,0
binding-profile-compute-all-modes,compute,wgpu,bulk-root-two-frozen-blocks,1024,finish,CommandEncoderCopyBufferToBuffer,2,1.6,1048580,2,1.5,524292
binding-profile-compute-all-modes,compute,wgpu,bulk-root-two-frozen-blocks,1024,finish,CommandEncoderFinish,1,11.4,0,1,13.8,0
binding-profile-compute-all-modes,compute,wgpu,bulk-root-two-frozen-blocks,1024,finish,ComputePassEncoderDispatchWorkgroups,1024,919.7,0,1024,938.9,0
binding-profile-compute-all-modes,compute,wgpu,bulk-root-two-frozen-blocks,1024,finish,ComputePassEncoderSetBindGroup,3072,470.5,0,3072,466.2,0
binding-profile-compute-all-modes,compute,wgpu,bulk-root-two-frozen-blocks,1024,retire,BindGroupRelease,3072,422.7,0,3072,194.0,0
binding-profile-compute-all-modes,compute,wgpu,bulk-root-two-frozen-blocks,1024,retire,BufferRelease,2,1.9,0,2,1.9,0
binding-profile-compute-all-modes,compute,wgpu,bulk-root-two-frozen-blocks,1024,setup,BufferMapAsync,1,0.5,0,1,0.6,0
binding-profile-compute-all-modes,compute,wgpu,bulk-root-two-frozen-blocks,1024,setup,BufferUnmap,1,0.1,0,1,0.2,0
binding-profile-compute-all-modes,compute,wgpu,bulk-root-two-frozen-blocks,1024,setup,InstanceWaitAny,1,0.5,0,1,0.5,0
binding-profile-compute-all-modes,compute,wgpu,bulk-root-two-frozen-blocks,1024,submit,QueueSubmit,1,1580.4,0,1,1109.9,0
binding-profile-compute-all-modes,compute,wgpu,bulk-root-two-frozen-blocks,1024,wait,InstanceWaitAny,1,2519.4,0,1,2275.9,0
binding-profile-compute-all-modes,compute,wgpu,fresh-frozen-blocks,1024,encode,AllocateUniform,3072,1776.9,0,1024,1311.1,0
binding-profile-compute-all-modes,compute,wgpu,fresh-frozen-blocks,1024,encode,BindGroupAddRef,0,0.0,0,2048,56.0,0
binding-profile-compute-all-modes,compute,wgpu,fresh-frozen-blocks,1024,encode,BindGroupRelease,0,0.0,0,2,1.3,0
binding-profile-compute-all-modes,compute,wgpu,fresh-frozen-blocks,1024,encode,BindingData,1024,5491.7,0,1024,14992.2,0
binding-profile-compute-all-modes,compute,wgpu,fresh-frozen-blocks,1024,encode,BufferMapAsync,1,5.3,0,1,5.3,0
binding-profile-compute-all-modes,compute,wgpu,fresh-frozen-blocks,1024,encode,BufferRelease,0,0.0,0,2,2.0,0
binding-profile-compute-all-modes,compute,wgpu,fresh-frozen-blocks,1024,encode,DeviceCreateBindGroup,3072,2343.7,12288,3072,2799.0,12288
binding-profile-compute-all-modes,compute,wgpu,fresh-frozen-blocks,1024,encode,DeviceCreateBuffer,2,883.2,8388608,2050,2844.0,8912896
binding-profile-compute-all-modes,compute,wgpu,fresh-frozen-blocks,1024,encode,InstanceWaitAny,1,823.7,0,2049,1696.0,0
binding-profile-compute-all-modes,compute,wgpu,fresh-frozen-blocks,1024,encode,MapPage,1,829.7,0,1,864.7,0
binding-profile-compute-all-modes,compute,wgpu,fresh-frozen-blocks,1024,encode,OrdinaryData,4096,1996.1,0,4096,7590.9,0
binding-profile-compute-all-modes,compute,wgpu,fresh-frozen-blocks,1024,encode,TrackResources,1024,150.0,0,1024,352.3,0
binding-profile-compute-all-modes,compute,wgpu,fresh-frozen-blocks,1024,finish,BufferUnmap,1,0.3,0,1,0.6,0
binding-profile-compute-all-modes,compute,wgpu,fresh-frozen-blocks,1024,finish,CommandEncoderCopyBufferToBuffer,2,1.6,1048580,2,2.5,524292
binding-profile-compute-all-modes,compute,wgpu,fresh-frozen-blocks,1024,finish,CommandEncoderFinish,1,11.6,0,1,15.1,0
binding-profile-compute-all-modes,compute,wgpu,fresh-frozen-blocks,1024,finish,ComputePassEncoderDispatchWorkgroups,1024,931.3,0,1024,1076.4,0
binding-profile-compute-all-modes,compute,wgpu,fresh-frozen-blocks,1024,finish,ComputePassEncoderSetBindGroup,3072,472.2,0,3072,519.1,0
binding-profile-compute-all-modes,compute,wgpu,fresh-frozen-blocks,1024,retire,BindGroupRelease,3072,429.2,0,5118,507.3,0
binding-profile-compute-all-modes,compute,wgpu,fresh-frozen-blocks,1024,retire,BufferRelease,2,2.0,0,2048,369.1,0
binding-profile-compute-all-modes,compute,wgpu,fresh-frozen-blocks,1024,setup,BufferMapAsync,1,0.5,0,1,0.5,0
binding-profile-compute-all-modes,compute,wgpu,fresh-frozen-blocks,1024,setup,BufferUnmap,1,0.1,0,1,0.1,0
binding-profile-compute-all-modes,compute,wgpu,fresh-frozen-blocks,1024,setup,InstanceWaitAny,1,0.5,0,1,0.5,0
binding-profile-compute-all-modes,compute,wgpu,fresh-frozen-blocks,1024,submit,QueueSubmit,1,1617.5,0,1,2204.8,0
binding-profile-compute-all-modes,compute,wgpu,fresh-frozen-blocks,1024,wait,InstanceWaitAny,1,2522.2,0,1,2553.7,0
binding-profile-compute-all-modes,compute,wgpu,fresh-mutable-blocks,1024,encode,AllocateUniform,3072,1106.8,0,3072,1854.0,0
binding-profile-compute-all-modes,compute,wgpu,fresh-mutable-blocks,1024,encode,BindingData,1024,4839.6,0,1024,6846.9,0
binding-profile-compute-all-modes,compute,wgpu,fresh-mutable-blocks,1024,encode,BufferMapAsync,1,5.1,0,1,5.3,0
binding-profile-compute-all-modes,compute,wgpu,fresh-mutable-blocks,1024,encode,DeviceCreateBindGroup,3072,2307.7,12288,3072,2261.8,12288
binding-profile-compute-all-modes,compute,wgpu,fresh-mutable-blocks,1024,encode,DeviceCreateBuffer,2,360.9,8388608,2,871.4,8388608
binding-profile-compute-all-modes,compute,wgpu,fresh-mutable-blocks,1024,encode,InstanceWaitAny,1,662.2,0,1,883.2,0
binding-profile-compute-all-modes,compute,wgpu,fresh-mutable-blocks,1024,encode,MapPage,1,667.9,0,1,888.9,0
binding-profile-compute-all-modes,compute,wgpu,fresh-mutable-blocks,1024,encode,OrdinaryData,4096,1316.9,0,4096,2074.3,0
binding-profile-compute-all-modes,compute,wgpu,fresh-mutable-blocks,1024,encode,TrackResources,1024,150.9,0,1024,158.4,0
binding-profile-compute-all-modes,compute,wgpu,fresh-mutable-blocks,1024,finish,BufferUnmap,1,0.3,0,1,0.3,0
binding-profile-compute-all-modes,compute,wgpu,fresh-mutable-blocks,1024,finish,CommandEncoderCopyBufferToBuffer,2,1.5,1048580,2,1.5,1048580
binding-profile-compute-all-modes,compute,wgpu,fresh-mutable-blocks,1024,finish,CommandEncoderFinish,1,11.7,0,1,11.7,0
binding-profile-compute-all-modes,compute,wgpu,fresh-mutable-blocks,1024,finish,ComputePassEncoderDispatchWorkgroups,1024,922.4,0,1024,928.7,0
binding-profile-compute-all-modes,compute,wgpu,fresh-mutable-blocks,1024,finish,ComputePassEncoderSetBindGroup,3072,471.0,0,3072,464.6,0
binding-profile-compute-all-modes,compute,wgpu,fresh-mutable-blocks,1024,retire,BindGroupRelease,3072,422.6,0,3072,426.7,0
binding-profile-compute-all-modes,compute,wgpu,fresh-mutable-blocks,1024,retire,BufferRelease,2,1.9,0,2,1.9,0
binding-profile-compute-all-modes,compute,wgpu,fresh-mutable-blocks,1024,setup,BufferMapAsync,1,0.5,0,1,0.6,0
binding-profile-compute-all-modes,compute,wgpu,fresh-mutable-blocks,1024,setup,BufferUnmap,1,0.1,0,1,0.1,0
binding-profile-compute-all-modes,compute,wgpu,fresh-mutable-blocks,1024,setup,InstanceWaitAny,1,0.5,0,1,0.5,0
binding-profile-compute-all-modes,compute,wgpu,fresh-mutable-blocks,1024,submit,QueueSubmit,1,1600.0,0,1,1597.6,0
binding-profile-compute-all-modes,compute,wgpu,fresh-mutable-blocks,1024,wait,InstanceWaitAny,1,2540.6,0,1,2542.6,0
binding-profile-compute-all-modes,compute,wgpu,mutate-blocks,1024,encode,AllocateUniform,3072,1727.1,0,3072,1837.8,0
binding-profile-compute-all-modes,compute,wgpu,mutate-blocks,1024,encode,BindingData,1024,5344.6,0,1024,6730.7,0
binding-profile-compute-all-modes,compute,wgpu,mutate-blocks,1024,encode,BufferMapAsync,1,5.1,0,1,5.3,0
binding-profile-compute-all-modes,compute,wgpu,mutate-blocks,1024,encode,DeviceCreateBindGroup,3072,2224.7,12288,3072,2254.6,12288
binding-profile-compute-all-modes,compute,wgpu,mutate-blocks,1024,encode,DeviceCreateBuffer,2,871.2,8388608,2,876.8,8388608
binding-profile-compute-all-modes,compute,wgpu,mutate-blocks,1024,encode,InstanceWaitAny,1,771.4,0,1,872.3,0
binding-profile-compute-all-modes,compute,wgpu,mutate-blocks,1024,encode,MapPage,1,776.9,0,1,877.8,0
binding-profile-compute-all-modes,compute,wgpu,mutate-blocks,1024,encode,OrdinaryData,4096,1944.2,0,4096,2052.1,0
binding-profile-compute-all-modes,compute,wgpu,mutate-blocks,1024,encode,TrackResources,1024,145.8,0,1024,154.3,0
binding-profile-compute-all-modes,compute,wgpu,mutate-blocks,1024,finish,BufferUnmap,1,0.3,0,1,0.3,0
binding-profile-compute-all-modes,compute,wgpu,mutate-blocks,1024,finish,CommandEncoderCopyBufferToBuffer,2,1.5,1048580,2,1.5,1048580
binding-profile-compute-all-modes,compute,wgpu,mutate-blocks,1024,finish,CommandEncoderFinish,1,13.0,0,1,12.1,0
binding-profile-compute-all-modes,compute,wgpu,mutate-blocks,1024,finish,ComputePassEncoderDispatchWorkgroups,1024,921.8,0,1024,938.8,0
binding-profile-compute-all-modes,compute,wgpu,mutate-blocks,1024,finish,ComputePassEncoderSetBindGroup,3072,473.1,0,3072,464.6,0
binding-profile-compute-all-modes,compute,wgpu,mutate-blocks,1024,retire,BindGroupRelease,3072,424.7,0,3072,424.3,0
binding-profile-compute-all-modes,compute,wgpu,mutate-blocks,1024,retire,BufferRelease,2,1.9,0,2,2.1,0
binding-profile-compute-all-modes,compute,wgpu,mutate-blocks,1024,setup,BufferMapAsync,1,0.5,0,1,0.5,0
binding-profile-compute-all-modes,compute,wgpu,mutate-blocks,1024,setup,BufferUnmap,1,0.1,0,1,0.1,0
binding-profile-compute-all-modes,compute,wgpu,mutate-blocks,1024,setup,InstanceWaitAny,1,0.5,0,1,0.5,0
binding-profile-compute-all-modes,compute,wgpu,mutate-blocks,1024,submit,QueueSubmit,1,1603.7,0,1,1595.1,0
binding-profile-compute-all-modes,compute,wgpu,mutate-blocks,1024,wait,InstanceWaitAny,1,2496.9,0,1,2518.6,0
binding-profile-compute-all-modes,compute,wgpu,root-mutable-blocks,1024,encode,AllocateUniform,3072,1519.2,0,3072,1146.9,0
binding-profile-compute-all-modes,compute,wgpu,root-mutable-blocks,1024,encode,BindingData,1024,5124.6,0,1024,5928.1,0
binding-profile-compute-all-modes,compute,wgpu,root-mutable-blocks,1024,encode,BufferMapAsync,1,5.2,0,1,5.9,0
binding-profile-compute-all-modes,compute,wgpu,root-mutable-blocks,1024,encode,DeviceCreateBindGroup,3072,2233.9,12288,3072,2149.3,12288
binding-profile-compute-all-modes,compute,wgpu,root-mutable-blocks,1024,encode,DeviceCreateBuffer,2,703.0,8388608,2,375.1,8388608
binding-profile-compute-all-modes,compute,wgpu,root-mutable-blocks,1024,encode,InstanceWaitAny,1,733.2,0,1,699.7,0
binding-profile-compute-all-modes,compute,wgpu,root-mutable-blocks,1024,encode,MapPage,1,738.8,0,1,706.9,0
binding-profile-compute-all-modes,compute,wgpu,root-mutable-blocks,1024,encode,OrdinaryData,4096,1733.7,0,4096,1365.3,0
binding-profile-compute-all-modes,compute,wgpu,root-mutable-blocks,1024,encode,TrackResources,1024,145.5,0,1024,154.0,0
binding-profile-compute-all-modes,compute,wgpu,root-mutable-blocks,1024,finish,BufferUnmap,1,0.3,0,1,0.3,0
binding-profile-compute-all-modes,compute,wgpu,root-mutable-blocks,1024,finish,CommandEncoderCopyBufferToBuffer,2,1.4,1048580,2,1.5,1048580
binding-profile-compute-all-modes,compute,wgpu,root-mutable-blocks,1024,finish,CommandEncoderFinish,1,10.6,0,1,11.1,0
binding-profile-compute-all-modes,compute,wgpu,root-mutable-blocks,1024,finish,ComputePassEncoderDispatchWorkgroups,1024,917.6,0,1024,910.1,0
binding-profile-compute-all-modes,compute,wgpu,root-mutable-blocks,1024,finish,ComputePassEncoderSetBindGroup,3072,477.7,0,3072,461.3,0
binding-profile-compute-all-modes,compute,wgpu,root-mutable-blocks,1024,retire,BindGroupRelease,3072,425.5,0,3072,425.7,0
binding-profile-compute-all-modes,compute,wgpu,root-mutable-blocks,1024,retire,BufferRelease,2,1.9,0,2,2.0,0
binding-profile-compute-all-modes,compute,wgpu,root-mutable-blocks,1024,setup,BufferMapAsync,1,0.5,0,1,0.6,0
binding-profile-compute-all-modes,compute,wgpu,root-mutable-blocks,1024,setup,BufferUnmap,1,0.2,0,1,0.1,0
binding-profile-compute-all-modes,compute,wgpu,root-mutable-blocks,1024,setup,InstanceWaitAny,1,0.5,0,1,0.5,0
binding-profile-compute-all-modes,compute,wgpu,root-mutable-blocks,1024,submit,QueueSubmit,1,1589.0,0,1,1221.5,0
binding-profile-compute-all-modes,compute,wgpu,root-mutable-blocks,1024,wait,InstanceWaitAny,1,2455.0,0,1,2855.8,0
binding-profile-compute-all-modes,compute,wgpu,root-one-frozen-block,1024,encode,AllocateUniform,3072,1114.1,0,2048,1785.5,0
binding-profile-compute-all-modes,compute,wgpu,root-one-frozen-block,1024,encode,BindGroupAddRef,0,0.0,0,1024,27.2,0
binding-profile-compute-all-modes,compute,wgpu,root-one-frozen-block,1024,encode,BindingData,1024,4830.3,0,1024,4573.9,0
binding-profile-compute-all-modes,compute,wgpu,root-one-frozen-block,1024,encode,BufferMapAsync,1,5.1,0,1,5.2,0
binding-profile-compute-all-modes,compute,wgpu,root-one-frozen-block,1024,encode,DeviceCreateBindGroup,3072,2215.7,12288,2048,1546.5,7168
binding-profile-compute-all-modes,compute,wgpu,root-one-frozen-block,1024,encode,DeviceCreateBuffer,2,374.2,8388608,2,878.6,8388608
binding-profile-compute-all-modes,compute,wgpu,root-one-frozen-block,1024,encode,InstanceWaitAny,1,671.3,0,1,847.2,0
binding-profile-compute-all-modes,compute,wgpu,root-one-frozen-block,1024,encode,MapPage,1,678.3,0,1,852.6,0
binding-profile-compute-all-modes,compute,wgpu,root-one-frozen-block,1024,encode,OrdinaryData,4096,1327.0,0,3072,1940.8,0
binding-profile-compute-all-modes,compute,wgpu,root-one-frozen-block,1024,encode,TrackResources,1024,146.7,0,1024,113.8,0
binding-profile-compute-all-modes,compute,wgpu,root-one-frozen-block,1024,finish,BufferUnmap,1,0.3,0,1,0.3,0
binding-profile-compute-all-modes,compute,wgpu,root-one-frozen-block,1024,finish,CommandEncoderCopyBufferToBuffer,2,1.5,1048580,2,1.5,786436
binding-profile-compute-all-modes,compute,wgpu,root-one-frozen-block,1024,finish,CommandEncoderFinish,1,10.6,0,1,11.9,0
binding-profile-compute-all-modes,compute,wgpu,root-one-frozen-block,1024,finish,ComputePassEncoderDispatchWorkgroups,1024,915.3,0,1024,948.9,0
binding-profile-compute-all-modes,compute,wgpu,root-one-frozen-block,1024,finish,ComputePassEncoderSetBindGroup,3072,474.4,0,3072,461.1,0
binding-profile-compute-all-modes,compute,wgpu,root-one-frozen-block,1024,retire,BindGroupRelease,3072,425.7,0,3072,312.6,0
binding-profile-compute-all-modes,compute,wgpu,root-one-frozen-block,1024,retire,BufferRelease,2,1.9,0,2,2.0,0
binding-profile-compute-all-modes,compute,wgpu,root-one-frozen-block,1024,setup,BufferMapAsync,1,0.5,0,1,0.5,0
binding-profile-compute-all-modes,compute,wgpu,root-one-frozen-block,1024,setup,BufferUnmap,1,0.1,0,1,0.2,0
binding-profile-compute-all-modes,compute,wgpu,root-one-frozen-block,1024,setup,InstanceWaitAny,1,0.5,0,1,0.5,0
binding-profile-compute-all-modes,compute,wgpu,root-one-frozen-block,1024,submit,QueueSubmit,1,1563.0,0,1,1547.7,0
binding-profile-compute-all-modes,compute,wgpu,root-one-frozen-block,1024,wait,InstanceWaitAny,1,2492.5,0,1,2300.7,0
binding-profile-compute-all-modes,compute,wgpu,root-two-frozen-blocks,1024,encode,AllocateUniform,3072,1111.6,0,1024,1075.2,0
binding-profile-compute-all-modes,compute,wgpu,root-two-frozen-blocks,1024,encode,BindGroupAddRef,0,0.0,0,2048,55.0,0
binding-profile-compute-all-modes,compute,wgpu,root-two-frozen-blocks,1024,encode,BindingData,1024,4833.0,0,1024,2681.9,0
binding-profile-compute-all-modes,compute,wgpu,root-two-frozen-blocks,1024,encode,BufferMapAsync,1,5.2,0,1,5.2,0
binding-profile-compute-all-modes,compute,wgpu,root-two-frozen-blocks,1024,encode,DeviceCreateBindGroup,3072,2248.4,12288,1024,609.8,2048
binding-profile-compute-all-modes,compute,wgpu,root-two-frozen-blocks,1024,encode,DeviceCreateBuffer,2,368.6,8388608,2,372.8,8388608
binding-profile-compute-all-modes,compute,wgpu,root-two-frozen-blocks,1024,encode,InstanceWaitAny,1,670.9,0,1,679.5,0
binding-profile-compute-all-modes,compute,wgpu,root-two-frozen-blocks,1024,encode,MapPage,1,676.4,0,1,684.9,0
binding-profile-compute-all-modes,compute,wgpu,root-two-frozen-blocks,1024,encode,OrdinaryData,4096,1332.7,0,2048,1163.9,0
binding-profile-compute-all-modes,compute,wgpu,root-two-frozen-blocks,1024,encode,TrackResources,1024,146.9,0,1024,70.8,0
binding-profile-compute-all-modes,compute,wgpu,root-two-frozen-blocks,1024,finish,BufferUnmap,1,0.3,0,1,0.3,0
binding-profile-compute-all-modes,compute,wgpu,root-two-frozen-blocks,1024,finish,CommandEncoderCopyBufferToBuffer,2,1.5,1048580,2,1.5,524292
binding-profile-compute-all-modes,compute,wgpu,root-two-frozen-blocks,1024,finish,CommandEncoderFinish,1,10.5,0,1,13.7,0
binding-profile-compute-all-modes,compute,wgpu,root-two-frozen-blocks,1024,finish,ComputePassEncoderDispatchWorkgroups,1024,920.8,0,1024,973.0,0
binding-profile-compute-all-modes,compute,wgpu,root-two-frozen-blocks,1024,finish,ComputePassEncoderSetBindGroup,3072,471.8,0,3072,460.0,0
binding-profile-compute-all-modes,compute,wgpu,root-two-frozen-blocks,1024,retire,BindGroupRelease,3072,424.9,0,3072,191.0,0
binding-profile-compute-all-modes,compute,wgpu,root-two-frozen-blocks,1024,retire,BufferRelease,2,1.8,0,2,1.9,0
binding-profile-compute-all-modes,compute,wgpu,root-two-frozen-blocks,1024,setup,BufferMapAsync,1,0.6,0,1,0.6,0
binding-profile-compute-all-modes,compute,wgpu,root-two-frozen-blocks,1024,setup,BufferUnmap,1,0.1,0,1,0.1,0
binding-profile-compute-all-modes,compute,wgpu,root-two-frozen-blocks,1024,setup,InstanceWaitAny,1,0.5,0,1,0.5,0
binding-profile-compute-all-modes,compute,wgpu,root-two-frozen-blocks,1024,submit,QueueSubmit,1,1600.2,0,1,1510.2,0
binding-profile-compute-all-modes,compute,wgpu,root-two-frozen-blocks,1024,wait,InstanceWaitAny,1,2517.5,0,1,2000.7,0
binding-profile-compute-all-modes,compute,wgpu,rotate-frozen-roots,1024,encode,AllocateUniform,3072,1546.8,0,0,0.0,0
binding-profile-compute-all-modes,compute,wgpu,rotate-frozen-roots,1024,encode,BindingData,1024,5264.4,0,1024,107.1,0
binding-profile-compute-all-modes,compute,wgpu,rotate-frozen-roots,1024,encode,BufferMapAsync,1,5.2,0,0,0.0,0
binding-profile-compute-all-modes,compute,wgpu,rotate-frozen-roots,1024,encode,DeviceCreateBindGroup,3072,2243.9,12288,0,0.0,0
binding-profile-compute-all-modes,compute,wgpu,rotate-frozen-roots,1024,encode,DeviceCreateBuffer,2,705.5,8388608,0,0.0,0
binding-profile-compute-all-modes,compute,wgpu,rotate-frozen-roots,1024,encode,InstanceWaitAny,1,761.1,0,0,0.0,0
binding-profile-compute-all-modes,compute,wgpu,rotate-frozen-roots,1024,encode,MapPage,1,766.7,0,0,0.0,0
binding-profile-compute-all-modes,compute,wgpu,rotate-frozen-roots,1024,encode,OrdinaryData,4096,1789.7,0,0,0.0,0
binding-profile-compute-all-modes,compute,wgpu,rotate-frozen-roots,1024,encode,TrackResources,1024,179.8,0,0,0.0,0
binding-profile-compute-all-modes,compute,wgpu,rotate-frozen-roots,1024,finish,BufferUnmap,1,0.3,0,0,0.0,0
binding-profile-compute-all-modes,compute,wgpu,rotate-frozen-roots,1024,finish,CommandEncoderCopyBufferToBuffer,2,1.4,1048580,1,0.8,4
binding-profile-compute-all-modes,compute,wgpu,rotate-frozen-roots,1024,finish,CommandEncoderFinish,1,11.6,0,1,13.9,0
binding-profile-compute-all-modes,compute,wgpu,rotate-frozen-roots,1024,finish,ComputePassEncoderDispatchWorkgroups,1024,920.9,0,1024,1008.6,0
binding-profile-compute-all-modes,compute,wgpu,rotate-frozen-roots,1024,finish,ComputePassEncoderSetBindGroup,3072,466.4,0,3072,487.6,0
binding-profile-compute-all-modes,compute,wgpu,rotate-frozen-roots,1024,retire,BindGroupRelease,3072,426.1,0,0,0.0,0
binding-profile-compute-all-modes,compute,wgpu,rotate-frozen-roots,1024,retire,BufferRelease,2,1.9,0,0,0.0,0
binding-profile-compute-all-modes,compute,wgpu,rotate-frozen-roots,1024,setup,BufferMapAsync,1,0.5,0,1,0.5,0
binding-profile-compute-all-modes,compute,wgpu,rotate-frozen-roots,1024,setup,BufferUnmap,1,0.2,0,1,0.1,0
binding-profile-compute-all-modes,compute,wgpu,rotate-frozen-roots,1024,setup,InstanceWaitAny,1,0.5,0,1,0.5,0
binding-profile-compute-all-modes,compute,wgpu,rotate-frozen-roots,1024,submit,QueueSubmit,1,1599.2,0,1,1571.5,0
binding-profile-compute-all-modes,compute,wgpu,rotate-frozen-roots,1024,wait,InstanceWaitAny,1,2478.4,0,1,2517.4,0
binding-profile-compute-all-modes,compute,wgpu,rotate-mutable-roots,1024,encode,AllocateUniform,3072,1105.4,0,3072,1877.7,0
binding-profile-compute-all-modes,compute,wgpu,rotate-mutable-roots,1024,encode,BindingData,1024,4811.4,0,1024,7089.7,0
binding-profile-compute-all-modes,compute,wgpu,rotate-mutable-roots,1024,encode,BufferMapAsync,1,5.1,0,1,6.7,0
binding-profile-compute-all-modes,compute,wgpu,rotate-mutable-roots,1024,encode,DeviceCreateBindGroup,3072,2255.7,12288,3072,2447.5,12288
binding-profile-compute-all-modes,compute,wgpu,rotate-mutable-roots,1024,encode,DeviceCreateBuffer,2,367.7,8388608,2,880.5,8388608
binding-profile-compute-all-modes,compute,wgpu,rotate-mutable-roots,1024,encode,InstanceWaitAny,1,661.2,0,1,912.3,0
binding-profile-compute-all-modes,compute,wgpu,rotate-mutable-roots,1024,encode,MapPage,1,666.8,0,1,919.6,0
binding-profile-compute-all-modes,compute,wgpu,rotate-mutable-roots,1024,encode,OrdinaryData,4096,1350.0,0,4096,2126.5,0
binding-profile-compute-all-modes,compute,wgpu,rotate-mutable-roots,1024,encode,TrackResources,1024,181.2,0,1024,206.2,0
binding-profile-compute-all-modes,compute,wgpu,rotate-mutable-roots,1024,finish,BufferUnmap,1,0.3,0,1,0.3,0
binding-profile-compute-all-modes,compute,wgpu,rotate-mutable-roots,1024,finish,CommandEncoderCopyBufferToBuffer,2,1.5,1048580,2,1.5,1048580
binding-profile-compute-all-modes,compute,wgpu,rotate-mutable-roots,1024,finish,CommandEncoderFinish,1,11.7,0,1,11.9,0
binding-profile-compute-all-modes,compute,wgpu,rotate-mutable-roots,1024,finish,ComputePassEncoderDispatchWorkgroups,1024,921.6,0,1024,1016.0,0
binding-profile-compute-all-modes,compute,wgpu,rotate-mutable-roots,1024,finish,ComputePassEncoderSetBindGroup,3072,474.2,0,3072,463.4,0
binding-profile-compute-all-modes,compute,wgpu,rotate-mutable-roots,1024,retire,BindGroupRelease,3072,424.6,0,3072,389.4,0
binding-profile-compute-all-modes,compute,wgpu,rotate-mutable-roots,1024,retire,BufferRelease,2,1.9,0,2,2.0,0
binding-profile-compute-all-modes,compute,wgpu,rotate-mutable-roots,1024,setup,BufferMapAsync,1,0.5,0,1,0.6,0
binding-profile-compute-all-modes,compute,wgpu,rotate-mutable-roots,1024,setup,BufferUnmap,1,0.1,0,1,0.1,0
binding-profile-compute-all-modes,compute,wgpu,rotate-mutable-roots,1024,setup,InstanceWaitAny,1,0.5,0,1,0.4,0
binding-profile-compute-all-modes,compute,wgpu,rotate-mutable-roots,1024,submit,QueueSubmit,1,1531.7,0,1,2639.6,0
binding-profile-compute-all-modes,compute,wgpu,rotate-mutable-roots,1024,wait,InstanceWaitAny,1,2429.3,0,1,1508.5,0
binding-profile-compute-all-modes,compute,wgpu,static-frozen-root,1024,encode,AllocateUniform,3072,1103.8,0,0,0.0,0
binding-profile-compute-all-modes,compute,wgpu,static-frozen-root,1024,encode,BindingData,1024,4690.2,0,1024,67.7,0
binding-profile-compute-all-modes,compute,wgpu,static-frozen-root,1024,encode,BufferMapAsync,1,5.1,0,0,0.0,0
binding-profile-compute-all-modes,compute,wgpu,static-frozen-root,1024,encode,DeviceCreateBindGroup,3072,2190.8,12288,0,0.0,0
binding-profile-compute-all-modes,compute,wgpu,static-frozen-root,1024,encode,DeviceCreateBuffer,2,360.6,8388608,0,0.0,0
binding-profile-compute-all-modes,compute,wgpu,static-frozen-root,1024,encode,InstanceWaitAny,1,664.2,0,0,0.0,0
binding-profile-compute-all-modes,compute,wgpu,static-frozen-root,1024,encode,MapPage,1,669.5,0,0,0.0,0
binding-profile-compute-all-modes,compute,wgpu,static-frozen-root,1024,encode,OrdinaryData,4096,1320.1,0,0,0.0,0
binding-profile-compute-all-modes,compute,wgpu,static-frozen-root,1024,encode,TrackResources,1024,151.4,0,0,0.0,0
binding-profile-compute-all-modes,compute,wgpu,static-frozen-root,1024,finish,BufferUnmap,1,0.3,0,0,0.0,0
binding-profile-compute-all-modes,compute,wgpu,static-frozen-root,1024,finish,CommandEncoderCopyBufferToBuffer,2,1.4,1048580,1,0.8,4
binding-profile-compute-all-modes,compute,wgpu,static-frozen-root,1024,finish,CommandEncoderFinish,1,10.5,0,1,13.5,0
binding-profile-compute-all-modes,compute,wgpu,static-frozen-root,1024,finish,ComputePassEncoderDispatchWorkgroups,1024,912.1,0,1024,825.5,0
binding-profile-compute-all-modes,compute,wgpu,static-frozen-root,1024,finish,ComputePassEncoderSetBindGroup,3072,466.8,0,3,1.4,0
binding-profile-compute-all-modes,compute,wgpu,static-frozen-root,1024,retire,BindGroupRelease,3072,425.4,0,0,0.0,0
binding-profile-compute-all-modes,compute,wgpu,static-frozen-root,1024,retire,BufferRelease,2,1.9,0,0,0.0,0
binding-profile-compute-all-modes,compute,wgpu,static-frozen-root,1024,setup,BufferMapAsync,1,0.5,0,1,0.6,0
binding-profile-compute-all-modes,compute,wgpu,static-frozen-root,1024,setup,BufferUnmap,1,0.1,0,1,0.1,0
binding-profile-compute-all-modes,compute,wgpu,static-frozen-root,1024,setup,InstanceWaitAny,1,0.5,0,1,0.5,0
binding-profile-compute-all-modes,compute,wgpu,static-frozen-root,1024,submit,QueueSubmit,1,1549.6,0,1,1304.3,0
binding-profile-compute-all-modes,compute,wgpu,static-frozen-root,1024,wait,InstanceWaitAny,1,2381.2,0,1,1649.0,0
binding-profile-compute-all-modes,compute,wgpu,static-mutable,1024,encode,AllocateUniform,3072,1760.6,0,3072,1858.8,0
binding-profile-compute-all-modes,compute,wgpu,static-mutable,1024,encode,BindingData,1024,5404.9,0,1024,6768.9,0
binding-profile-compute-all-modes,compute,wgpu,static-mutable,1024,encode,BufferMapAsync,1,5.1,0,1,5.1,0
binding-profile-compute-all-modes,compute,wgpu,static-mutable,1024,encode,DeviceCreateBindGroup,3072,2228.1,12288,3072,2296.9,12288
binding-profile-compute-all-modes,compute,wgpu,static-mutable,1024,encode,DeviceCreateBuffer,2,884.1,8388608,2,906.7,8388608
binding-profile-compute-all-modes,compute,wgpu,static-mutable,1024,encode,InstanceWaitAny,1,784.6,0,1,890.0,0
binding-profile-compute-all-modes,compute,wgpu,static-mutable,1024,encode,MapPage,1,790.1,0,1,895.5,0
binding-profile-compute-all-modes,compute,wgpu,static-mutable,1024,encode,OrdinaryData,4096,1972.8,0,4096,2081.3,0
binding-profile-compute-all-modes,compute,wgpu,static-mutable,1024,encode,TrackResources,1024,144.7,0,1024,154.7,0
binding-profile-compute-all-modes,compute,wgpu,static-mutable,1024,finish,BufferUnmap,1,0.3,0,1,0.3,0
binding-profile-compute-all-modes,compute,wgpu,static-mutable,1024,finish,CommandEncoderCopyBufferToBuffer,2,1.6,1048580,2,1.5,1048580
binding-profile-compute-all-modes,compute,wgpu,static-mutable,1024,finish,CommandEncoderFinish,1,10.8,0,1,11.2,0
binding-profile-compute-all-modes,compute,wgpu,static-mutable,1024,finish,ComputePassEncoderDispatchWorkgroups,1024,911.8,0,1024,917.4,0
binding-profile-compute-all-modes,compute,wgpu,static-mutable,1024,finish,ComputePassEncoderSetBindGroup,3072,468.6,0,3072,462.2,0
binding-profile-compute-all-modes,compute,wgpu,static-mutable,1024,retire,BindGroupRelease,3072,426.1,0,3072,425.6,0
binding-profile-compute-all-modes,compute,wgpu,static-mutable,1024,retire,BufferRelease,2,1.9,0,2,1.9,0
binding-profile-compute-all-modes,compute,wgpu,static-mutable,1024,setup,BufferMapAsync,1,0.5,0,1,0.6,0
binding-profile-compute-all-modes,compute,wgpu,static-mutable,1024,setup,BufferUnmap,1,0.1,0,1,0.1,0
binding-profile-compute-all-modes,compute,wgpu,static-mutable,1024,setup,InstanceWaitAny,1,0.5,0,1,0.5,0
binding-profile-compute-all-modes,compute,wgpu,static-mutable,1024,submit,QueueSubmit,1,1609.9,0,1,1604.4,0
binding-profile-compute-all-modes,compute,wgpu,static-mutable,1024,wait,InstanceWaitAny,1,2413.5,0,1,2477.1,0
binding-profile-compute-all-modes,compute,wgpu,swap-frozen-blocks,1024,encode,AllocateUniform,3072,1570.5,0,1024,1084.7,0
binding-profile-compute-all-modes,compute,wgpu,swap-frozen-blocks,1024,encode,BindGroupAddRef,0,0.0,0,2048,62.0,0
binding-profile-compute-all-modes,compute,wgpu,swap-frozen-blocks,1024,encode,BindingData,1024,5274.0,0,1024,2807.4,0
binding-profile-compute-all-modes,compute,wgpu,swap-frozen-blocks,1024,encode,BufferMapAsync,1,5.2,0,1,5.2,0
binding-profile-compute-all-modes,compute,wgpu,swap-frozen-blocks,1024,encode,DeviceCreateBindGroup,3072,2267.4,12288,1024,614.7,2048
binding-profile-compute-all-modes,compute,wgpu,swap-frozen-blocks,1024,encode,DeviceCreateBuffer,2,693.1,8388608,2,364.6,8388608
binding-profile-compute-all-modes,compute,wgpu,swap-frozen-blocks,1024,encode,InstanceWaitAny,1,808.2,0,1,697.4,0
binding-profile-compute-all-modes,compute,wgpu,swap-frozen-blocks,1024,encode,MapPage,1,813.8,0,1,703.0,0
binding-profile-compute-all-modes,compute,wgpu,swap-frozen-blocks,1024,encode,OrdinaryData,4096,1798.4,0,2048,1174.1,0
binding-profile-compute-all-modes,compute,wgpu,swap-frozen-blocks,1024,encode,TrackResources,1024,152.4,0,1024,128.4,0
binding-profile-compute-all-modes,compute,wgpu,swap-frozen-blocks,1024,finish,BufferUnmap,1,0.3,0,1,0.3,0
binding-profile-compute-all-modes,compute,wgpu,swap-frozen-blocks,1024,finish,CommandEncoderCopyBufferToBuffer,2,1.5,1048580,2,1.5,524292
binding-profile-compute-all-modes,compute,wgpu,swap-frozen-blocks,1024,finish,CommandEncoderFinish,1,11.5,0,1,13.8,0
binding-profile-compute-all-modes,compute,wgpu,swap-frozen-blocks,1024,finish,ComputePassEncoderDispatchWorkgroups,1024,922.7,0,1024,972.5,0
binding-profile-compute-all-modes,compute,wgpu,swap-frozen-blocks,1024,finish,ComputePassEncoderSetBindGroup,3072,466.8,0,3072,471.3,0
binding-profile-compute-all-modes,compute,wgpu,swap-frozen-blocks,1024,retire,BindGroupRelease,3072,428.2,0,3072,194.9,0
binding-profile-compute-all-modes,compute,wgpu,swap-frozen-blocks,1024,retire,BufferRelease,2,1.9,0,2,1.9,0
binding-profile-compute-all-modes,compute,wgpu,swap-frozen-blocks,1024,setup,BufferMapAsync,1,0.5,0,1,0.6,0
binding-profile-compute-all-modes,compute,wgpu,swap-frozen-blocks,1024,setup,BufferUnmap,1,0.1,0,1,0.1,0
binding-profile-compute-all-modes,compute,wgpu,swap-frozen-blocks,1024,setup,InstanceWaitAny,1,0.5,0,1,0.5,0
binding-profile-compute-all-modes,compute,wgpu,swap-frozen-blocks,1024,submit,QueueSubmit,1,1589.5,0,1,1622.4,0
binding-profile-compute-all-modes,compute,wgpu,swap-frozen-blocks,1024,wait,InstanceWaitAny,1,2396.9,0,1,2364.3,0
binding-profile-compute-all-modes,compute,wgpu,swap-mutable-blocks,1024,encode,AllocateUniform,3072,1115.3,0,3072,1836.0,0
binding-profile-compute-all-modes,compute,wgpu,swap-mutable-blocks,1024,encode,BindingData,1024,4786.7,0,1024,6763.8,0
binding-profile-compute-all-modes,compute,wgpu,swap-mutable-blocks,1024,encode,BufferMapAsync,1,5.1,0,1,5.3,0
binding-profile-compute-all-modes,compute,wgpu,swap-mutable-blocks,1024,encode,DeviceCreateBindGroup,3072,2242.4,12288,3072,2320.3,12288
binding-profile-compute-all-modes,compute,wgpu,swap-mutable-blocks,1024,encode,DeviceCreateBuffer,2,367.3,8388608,2,868.8,8388608
binding-profile-compute-all-modes,compute,wgpu,swap-mutable-blocks,1024,encode,InstanceWaitAny,1,664.4,0,1,873.9,0
binding-profile-compute-all-modes,compute,wgpu,swap-mutable-blocks,1024,encode,MapPage,1,669.7,0,1,879.4,0
binding-profile-compute-all-modes,compute,wgpu,swap-mutable-blocks,1024,encode,OrdinaryData,4096,1345.5,0,4096,2069.3,0
binding-profile-compute-all-modes,compute,wgpu,swap-mutable-blocks,1024,encode,TrackResources,1024,153.3,0,1024,175.9,0
binding-profile-compute-all-modes,compute,wgpu,swap-mutable-blocks,1024,finish,BufferUnmap,1,0.3,0,1,0.3,0
binding-profile-compute-all-modes,compute,wgpu,swap-mutable-blocks,1024,finish,CommandEncoderCopyBufferToBuffer,2,1.5,1048580,2,1.5,1048580
binding-profile-compute-all-modes,compute,wgpu,swap-mutable-blocks,1024,finish,CommandEncoderFinish,1,12.4,0,1,11.2,0
binding-profile-compute-all-modes,compute,wgpu,swap-mutable-blocks,1024,finish,ComputePassEncoderDispatchWorkgroups,1024,922.1,0,1024,927.3,0
binding-profile-compute-all-modes,compute,wgpu,swap-mutable-blocks,1024,finish,ComputePassEncoderSetBindGroup,3072,466.4,0,3072,464.1,0
binding-profile-compute-all-modes,compute,wgpu,swap-mutable-blocks,1024,retire,BindGroupRelease,3072,425.1,0,3072,427.7,0
binding-profile-compute-all-modes,compute,wgpu,swap-mutable-blocks,1024,retire,BufferRelease,2,1.9,0,2,2.0,0
binding-profile-compute-all-modes,compute,wgpu,swap-mutable-blocks,1024,setup,BufferMapAsync,1,0.5,0,1,0.6,0
binding-profile-compute-all-modes,compute,wgpu,swap-mutable-blocks,1024,setup,BufferUnmap,1,0.1,0,1,0.1,0
binding-profile-compute-all-modes,compute,wgpu,swap-mutable-blocks,1024,setup,InstanceWaitAny,1,0.5,0,1,0.5,0
binding-profile-compute-all-modes,compute,wgpu,swap-mutable-blocks,1024,submit,QueueSubmit,1,1590.6,0,1,1620.0,0
binding-profile-compute-all-modes,compute,wgpu,swap-mutable-blocks,1024,wait,InstanceWaitAny,1,2516.4,0,1,2518.8,0
binding-profile-compute-mode-10,compute,wgpu,rotate-mutable-roots,1024,encode,AllocateUniform,3072,1654.4,0,3072,1602.4,0
binding-profile-compute-mode-10,compute,wgpu,rotate-mutable-roots,1024,encode,BindingData,1024,5491.9,0,1024,5466.0,0
binding-profile-compute-mode-10,compute,wgpu,rotate-mutable-roots,1024,encode,BufferMapAsync,1,5.4,0,1,5.1,0
binding-profile-compute-mode-10,compute,wgpu,rotate-mutable-roots,1024,encode,DeviceCreateBindGroup,3072,2264.1,12288,3072,2272.0,12288
binding-profile-compute-mode-10,compute,wgpu,rotate-mutable-roots,1024,encode,DeviceCreateBuffer,2,374.3,8388608,2,376.9,8388608
binding-profile-compute-mode-10,compute,wgpu,rotate-mutable-roots,1024,encode,InstanceWaitAny,1,929.3,0,1,840.3,0
binding-profile-compute-mode-10,compute,wgpu,rotate-mutable-roots,1024,encode,MapPage,1,935.4,0,1,845.9,0
binding-profile-compute-mode-10,compute,wgpu,rotate-mutable-roots,1024,encode,OrdinaryData,4096,1887.3,0,4096,1840.4,0
binding-profile-compute-mode-10,compute,wgpu,rotate-mutable-roots,1024,encode,TrackResources,1024,159.4,0,1024,172.7,0
binding-profile-compute-mode-10,compute,wgpu,rotate-mutable-roots,1024,finish,BufferUnmap,1,0.3,0,1,0.3,0
binding-profile-compute-mode-10,compute,wgpu,rotate-mutable-roots,1024,finish,CommandEncoderCopyBufferToBuffer,2,2.8,1048580,2,1.5,1048580
binding-profile-compute-mode-10,compute,wgpu,rotate-mutable-roots,1024,finish,CommandEncoderFinish,1,11.7,0,1,10.7,0
binding-profile-compute-mode-10,compute,wgpu,rotate-mutable-roots,1024,finish,ComputePassEncoderDispatchWorkgroups,1024,917.2,0,1024,918.7,0
binding-profile-compute-mode-10,compute,wgpu,rotate-mutable-roots,1024,finish,ComputePassEncoderSetBindGroup,3072,468.2,0,3072,468.8,0
binding-profile-compute-mode-10,compute,wgpu,rotate-mutable-roots,1024,retire,BindGroupRelease,3072,426.2,0,3072,423.7,0
binding-profile-compute-mode-10,compute,wgpu,rotate-mutable-roots,1024,retire,BufferRelease,2,1.9,0,2,1.9,0
binding-profile-compute-mode-10,compute,wgpu,rotate-mutable-roots,1024,setup,BufferMapAsync,1,0.5,0,1,0.5,0
binding-profile-compute-mode-10,compute,wgpu,rotate-mutable-roots,1024,setup,BufferUnmap,1,0.1,0,1,0.1,0
binding-profile-compute-mode-10,compute,wgpu,rotate-mutable-roots,1024,setup,InstanceWaitAny,1,0.4,0,1,0.5,0
binding-profile-compute-mode-10,compute,wgpu,rotate-mutable-roots,1024,submit,QueueSubmit,1,1603.5,0,1,1610.5,0
binding-profile-compute-mode-10,compute,wgpu,rotate-mutable-roots,1024,wait,InstanceWaitAny,1,2380.7,0,1,2459.1,0
binding-profile-compute-mode-11,compute,wgpu,rotate-frozen-roots,1024,encode,AllocateUniform,3072,1556.7,0,0,0.0,0
binding-profile-compute-mode-11,compute,wgpu,rotate-frozen-roots,1024,encode,BindingData,1024,5458.9,0,1024,104.7,0
binding-profile-compute-mode-11,compute,wgpu,rotate-frozen-roots,1024,encode,BufferMapAsync,1,5.3,0,0,0.0,0
binding-profile-compute-mode-11,compute,wgpu,rotate-frozen-roots,1024,encode,DeviceCreateBindGroup,3072,2297.8,12288,0,0.0,0
binding-profile-compute-mode-11,compute,wgpu,rotate-frozen-roots,1024,encode,DeviceCreateBuffer,2,392.1,8388608,0,0.0,0
binding-profile-compute-mode-11,compute,wgpu,rotate-frozen-roots,1024,encode,InstanceWaitAny,1,890.7,0,0,0.0,0
binding-profile-compute-mode-11,compute,wgpu,rotate-frozen-roots,1024,encode,MapPage,1,896.2,0,0,0.0,0
binding-profile-compute-mode-11,compute,wgpu,rotate-frozen-roots,1024,encode,OrdinaryData,4096,1796.6,0,0,0.0,0
binding-profile-compute-mode-11,compute,wgpu,rotate-frozen-roots,1024,encode,TrackResources,1024,160.7,0,0,0.0,0
binding-profile-compute-mode-11,compute,wgpu,rotate-frozen-roots,1024,finish,BufferUnmap,1,0.3,0,0,0.0,0
binding-profile-compute-mode-11,compute,wgpu,rotate-frozen-roots,1024,finish,CommandEncoderCopyBufferToBuffer,2,2.8,1048580,1,1.0,4
binding-profile-compute-mode-11,compute,wgpu,rotate-frozen-roots,1024,finish,CommandEncoderFinish,1,12.3,0,1,13.6,0
binding-profile-compute-mode-11,compute,wgpu,rotate-frozen-roots,1024,finish,ComputePassEncoderDispatchWorkgroups,1024,927.8,0,1024,991.7,0
binding-profile-compute-mode-11,compute,wgpu,rotate-frozen-roots,1024,finish,ComputePassEncoderSetBindGroup,3072,471.8,0,3072,485.0,0
binding-profile-compute-mode-11,compute,wgpu,rotate-frozen-roots,1024,retire,BindGroupRelease,3072,412.5,0,0,0.0,0
binding-profile-compute-mode-11,compute,wgpu,rotate-frozen-roots,1024,retire,BufferRelease,2,2.0,0,0,0.0,0
binding-profile-compute-mode-11,compute,wgpu,rotate-frozen-roots,1024,setup,BufferMapAsync,1,0.5,0,1,0.6,0
binding-profile-compute-mode-11,compute,wgpu,rotate-frozen-roots,1024,setup,BufferUnmap,1,0.1,0,1,0.1,0
binding-profile-compute-mode-11,compute,wgpu,rotate-frozen-roots,1024,setup,InstanceWaitAny,1,0.5,0,1,0.5,0
binding-profile-compute-mode-11,compute,wgpu,rotate-frozen-roots,1024,submit,QueueSubmit,1,1608.3,0,1,1065.5,0
binding-profile-compute-mode-11,compute,wgpu,rotate-frozen-roots,1024,wait,InstanceWaitAny,1,2349.8,0,1,2816.6,0
binding-profile-compute-mode-2,compute,wgpu,root-mutable-blocks,1024,encode,AllocateUniform,3072,1580.7,0,3072,1536.8,0
binding-profile-compute-mode-2,compute,wgpu,root-mutable-blocks,1024,encode,BindingData,1024,5427.6,0,1024,5205.0,0
binding-profile-compute-mode-2,compute,wgpu,root-mutable-blocks,1024,encode,BufferMapAsync,1,5.2,0,1,5.4,0
binding-profile-compute-mode-2,compute,wgpu,root-mutable-blocks,1024,encode,DeviceCreateBindGroup,3072,2265.8,12288,3072,2265.8,12288
binding-profile-compute-mode-2,compute,wgpu,root-mutable-blocks,1024,encode,DeviceCreateBuffer,2,375.5,8388608,2,369.0,8388608
binding-profile-compute-mode-2,compute,wgpu,root-mutable-blocks,1024,encode,InstanceWaitAny,1,848.7,0,1,803.5,0
binding-profile-compute-mode-2,compute,wgpu,root-mutable-blocks,1024,encode,MapPage,1,854.4,0,1,809.1,0
binding-profile-compute-mode-2,compute,wgpu,root-mutable-blocks,1024,encode,OrdinaryData,4096,1803.8,0,4096,1755.5,0
binding-profile-compute-mode-2,compute,wgpu,root-mutable-blocks,1024,encode,TrackResources,1024,148.5,0,1024,152.8,0
binding-profile-compute-mode-2,compute,wgpu,root-mutable-blocks,1024,finish,BufferUnmap,1,0.3,0,1,0.3,0
binding-profile-compute-mode-2,compute,wgpu,root-mutable-blocks,1024,finish,CommandEncoderCopyBufferToBuffer,2,2.8,1048580,2,1.5,1048580
binding-profile-compute-mode-2,compute,wgpu,root-mutable-blocks,1024,finish,CommandEncoderFinish,1,10.9,0,1,11.2,0
binding-profile-compute-mode-2,compute,wgpu,root-mutable-blocks,1024,finish,ComputePassEncoderDispatchWorkgroups,1024,941.2,0,1024,926.7,0
binding-profile-compute-mode-2,compute,wgpu,root-mutable-blocks,1024,finish,ComputePassEncoderSetBindGroup,3072,475.6,0,3072,465.6,0
binding-profile-compute-mode-2,compute,wgpu,root-mutable-blocks,1024,retire,BindGroupRelease,3072,425.6,0,3072,419.6,0
binding-profile-compute-mode-2,compute,wgpu,root-mutable-blocks,1024,retire,BufferRelease,2,1.9,0,2,1.9,0
binding-profile-compute-mode-2,compute,wgpu,root-mutable-blocks,1024,setup,BufferMapAsync,1,0.5,0,1,0.6,0
binding-profile-compute-mode-2,compute,wgpu,root-mutable-blocks,1024,setup,BufferUnmap,1,0.1,0,1,0.1,0
binding-profile-compute-mode-2,compute,wgpu,root-mutable-blocks,1024,setup,InstanceWaitAny,1,0.4,0,1,0.5,0
binding-profile-compute-mode-2,compute,wgpu,root-mutable-blocks,1024,submit,QueueSubmit,1,1643.1,0,1,1613.2,0
binding-profile-compute-mode-2,compute,wgpu,root-mutable-blocks,1024,wait,InstanceWaitAny,1,2360.3,0,1,2491.8,0
binding-profile-compute-mode-4,compute,wgpu,root-two-frozen-blocks,1024,encode,AllocateUniform,3072,1676.3,0,1024,1588.2,0
binding-profile-compute-mode-4,compute,wgpu,root-two-frozen-blocks,1024,encode,BindGroupAddRef,0,0.0,0,2048,54.8,0
binding-profile-compute-mode-4,compute,wgpu,root-two-frozen-blocks,1024,encode,BindingData,1024,5757.9,0,1024,3351.3,0
binding-profile-compute-mode-4,compute,wgpu,root-two-frozen-blocks,1024,encode,BufferMapAsync,1,5.5,0,1,5.3,0
binding-profile-compute-mode-4,compute,wgpu,root-two-frozen-blocks,1024,encode,DeviceCreateBindGroup,3072,2417.3,12288,1024,608.9,2048
binding-profile-compute-mode-4,compute,wgpu,root-two-frozen-blocks,1024,encode,DeviceCreateBuffer,2,391.7,8388608,2,373.9,8388608
binding-profile-compute-mode-4,compute,wgpu,root-two-frozen-blocks,1024,encode,InstanceWaitAny,1,947.5,0,1,877.6,0
binding-profile-compute-mode-4,compute,wgpu,root-two-frozen-blocks,1024,encode,MapPage,1,953.3,0,1,884.3,0
binding-profile-compute-mode-4,compute,wgpu,root-two-frozen-blocks,1024,encode,OrdinaryData,4096,1892.6,0,2048,1679.3,0
binding-profile-compute-mode-4,compute,wgpu,root-two-frozen-blocks,1024,encode,TrackResources,1024,146.3,0,1024,69.8,0
binding-profile-compute-mode-4,compute,wgpu,root-two-frozen-blocks,1024,finish,BufferUnmap,1,0.3,0,1,0.3,0
binding-profile-compute-mode-4,compute,wgpu,root-two-frozen-blocks,1024,finish,CommandEncoderCopyBufferToBuffer,2,2.9,1048580,2,1.5,524292
binding-profile-compute-mode-4,compute,wgpu,root-two-frozen-blocks,1024,finish,CommandEncoderFinish,1,11.7,0,1,14.3,0
binding-profile-compute-mode-4,compute,wgpu,root-two-frozen-blocks,1024,finish,ComputePassEncoderDispatchWorkgroups,1024,946.3,0,1024,954.2,0
binding-profile-compute-mode-4,compute,wgpu,root-two-frozen-blocks,1024,finish,ComputePassEncoderSetBindGroup,3072,486.9,0,3072,468.0,0
binding-profile-compute-mode-4,compute,wgpu,root-two-frozen-blocks,1024,retire,BindGroupRelease,3072,391.5,0,3072,193.5,0
binding-profile-compute-mode-4,compute,wgpu,root-two-frozen-blocks,1024,retire,BufferRelease,2,1.9,0,2,1.8,0
binding-profile-compute-mode-4,compute,wgpu,root-two-frozen-blocks,1024,setup,BufferMapAsync,1,0.5,0,1,0.6,0
binding-profile-compute-mode-4,compute,wgpu,root-two-frozen-blocks,1024,setup,BufferUnmap,1,0.1,0,1,0.2,0
binding-profile-compute-mode-4,compute,wgpu,root-two-frozen-blocks,1024,setup,InstanceWaitAny,1,0.5,0,1,0.5,0
binding-profile-compute-mode-4,compute,wgpu,root-two-frozen-blocks,1024,submit,QueueSubmit,1,1681.8,0,1,1502.8,0
binding-profile-compute-mode-4,compute,wgpu,root-two-frozen-blocks,1024,wait,InstanceWaitAny,1,2444.2,0,1,1893.3,0
binding-profile-compute-reused-only,compute,wgpu,bulk-root-two-frozen-blocks,1024,encode,AllocateUniform,3072,1096.8,0,1024,1170.9,0
binding-profile-compute-reused-only,compute,wgpu,bulk-root-two-frozen-blocks,1024,encode,BindGroupAddRef,0,0.0,0,2048,53.8,0
binding-profile-compute-reused-only,compute,wgpu,bulk-root-two-frozen-blocks,1024,encode,BindingData,1024,4733.6,0,1024,2769.4,0
binding-profile-compute-reused-only,compute,wgpu,bulk-root-two-frozen-blocks,1024,encode,BufferMapAsync,1,5.1,0,1,6.0,0
binding-profile-compute-reused-only,compute,wgpu,bulk-root-two-frozen-blocks,1024,encode,DeviceCreateBindGroup,3072,2243.8,12288,1024,609.6,2048
binding-profile-compute-reused-only,compute,wgpu,bulk-root-two-frozen-blocks,1024,encode,DeviceCreateBuffer,2,366.0,8388608,2,372.9,8388608
binding-profile-compute-reused-only,compute,wgpu,bulk-root-two-frozen-blocks,1024,encode,InstanceWaitAny,1,658.0,0,1,765.1,0
binding-profile-compute-reused-only,compute,wgpu,bulk-root-two-frozen-blocks,1024,encode,MapPage,1,664.3,0,1,771.0,0
binding-profile-compute-reused-only,compute,wgpu,bulk-root-two-frozen-blocks,1024,encode,OrdinaryData,4096,1306.7,0,2048,1260.8,0
binding-profile-compute-reused-only,compute,wgpu,bulk-root-two-frozen-blocks,1024,encode,TrackResources,1024,145.2,0,1024,70.0,0
binding-profile-compute-reused-only,compute,wgpu,bulk-root-two-frozen-blocks,1024,finish,BufferUnmap,1,0.3,0,1,0.3,0
binding-profile-compute-reused-only,compute,wgpu,bulk-root-two-frozen-blocks,1024,finish,CommandEncoderCopyBufferToBuffer,2,2.7,1048580,2,1.5,524292
binding-profile-compute-reused-only,compute,wgpu,bulk-root-two-frozen-blocks,1024,finish,CommandEncoderFinish,1,10.5,0,1,13.5,0
binding-profile-compute-reused-only,compute,wgpu,bulk-root-two-frozen-blocks,1024,finish,ComputePassEncoderDispatchWorkgroups,1024,919.7,0,1024,946.5,0
binding-profile-compute-reused-only,compute,wgpu,bulk-root-two-frozen-blocks,1024,finish,ComputePassEncoderSetBindGroup,3072,466.2,0,3072,476.6,0
binding-profile-compute-reused-only,compute,wgpu,bulk-root-two-frozen-blocks,1024,retire,BindGroupRelease,3072,422.0,0,3072,194.3,0
binding-profile-compute-reused-only,compute,wgpu,bulk-root-two-frozen-blocks,1024,retire,BufferRelease,2,2.0,0,2,1.8,0
binding-profile-compute-reused-only,compute,wgpu,bulk-root-two-frozen-blocks,1024,setup,BufferMapAsync,1,0.5,0,1,0.6,0
binding-profile-compute-reused-only,compute,wgpu,bulk-root-two-frozen-blocks,1024,setup,BufferUnmap,1,0.1,0,1,0.1,0
binding-profile-compute-reused-only,compute,wgpu,bulk-root-two-frozen-blocks,1024,setup,InstanceWaitAny,1,0.5,0,1,0.5,0
binding-profile-compute-reused-only,compute,wgpu,bulk-root-two-frozen-blocks,1024,submit,QueueSubmit,1,1595.0,0,1,1100.1,0
binding-profile-compute-reused-only,compute,wgpu,bulk-root-two-frozen-blocks,1024,wait,InstanceWaitAny,1,2459.9,0,1,2257.4,0
binding-profile-compute-reused-only,compute,wgpu,mutate-blocks,1024,encode,AllocateUniform,3072,1739.6,0,3072,1830.2,0
binding-profile-compute-reused-only,compute,wgpu,mutate-blocks,1024,encode,BindingData,1024,5483.0,0,1024,5531.5,0
binding-profile-compute-reused-only,compute,wgpu,mutate-blocks,1024,encode,BufferMapAsync,1,5.2,0,1,5.2,0
binding-profile-compute-reused-only,compute,wgpu,mutate-blocks,1024,encode,DeviceCreateBindGroup,3072,2275.2,12288,3072,2260.1,12288
binding-profile-compute-reused-only,compute,wgpu,mutate-blocks,1024,encode,DeviceCreateBuffer,2,715.9,8388608,2,863.2,8388608
binding-profile-compute-reused-only,compute,wgpu,mutate-blocks,1024,encode,InstanceWaitAny,1,834.6,0,1,865.5,0
binding-profile-compute-reused-only,compute,wgpu,mutate-blocks,1024,encode,MapPage,1,840.6,0,1,871.9,0
binding-profile-compute-reused-only,compute,wgpu,mutate-blocks,1024,encode,OrdinaryData,4096,1957.2,0,4096,2038.8,0
binding-profile-compute-reused-only,compute,wgpu,mutate-blocks,1024,encode,TrackResources,1024,143.8,0,1024,152.3,0
binding-profile-compute-reused-only,compute,wgpu,mutate-blocks,1024,finish,BufferUnmap,1,0.3,0,1,0.3,0
binding-profile-compute-reused-only,compute,wgpu,mutate-blocks,1024,finish,CommandEncoderCopyBufferToBuffer,2,2.7,1048580,2,1.5,1048580
binding-profile-compute-reused-only,compute,wgpu,mutate-blocks,1024,finish,CommandEncoderFinish,1,10.7,0,1,11.8,0
binding-profile-compute-reused-only,compute,wgpu,mutate-blocks,1024,finish,ComputePassEncoderDispatchWorkgroups,1024,930.5,0,1024,946.3,0
binding-profile-compute-reused-only,compute,wgpu,mutate-blocks,1024,finish,ComputePassEncoderSetBindGroup,3072,467.1,0,3072,472.2,0
binding-profile-compute-reused-only,compute,wgpu,mutate-blocks,1024,retire,BindGroupRelease,3072,425.3,0,3072,424.7,0
binding-profile-compute-reused-only,compute,wgpu,mutate-blocks,1024,retire,BufferRelease,2,2.0,0,2,2.0,0
binding-profile-compute-reused-only,compute,wgpu,mutate-blocks,1024,setup,BufferMapAsync,1,0.5,0,1,0.6,0
binding-profile-compute-reused-only,compute,wgpu,mutate-blocks,1024,setup,BufferUnmap,1,0.1,0,1,0.1,0
binding-profile-compute-reused-only,compute,wgpu,mutate-blocks,1024,setup,InstanceWaitAny,1,0.5,0,1,0.5,0
binding-profile-compute-reused-only,compute,wgpu,mutate-blocks,1024,submit,QueueSubmit,1,1624.3,0,1,1627.9,0
binding-profile-compute-reused-only,compute,wgpu,mutate-blocks,1024,wait,InstanceWaitAny,1,2498.7,0,1,2492.7,0
binding-profile-compute-reused-only,compute,wgpu,root-mutable-blocks,1024,encode,AllocateUniform,3072,1691.1,0,3072,1175.5,0
binding-profile-compute-reused-only,compute,wgpu,root-mutable-blocks,1024,encode,BindingData,1024,5212.9,0,1024,4823.9,0
binding-profile-compute-reused-only,compute,wgpu,root-mutable-blocks,1024,encode,BufferMapAsync,1,5.1,0,1,6.0,0
binding-profile-compute-reused-only,compute,wgpu,root-mutable-blocks,1024,encode,DeviceCreateBindGroup,3072,2215.4,12288,3072,2176.0,12288
binding-profile-compute-reused-only,compute,wgpu,root-mutable-blocks,1024,encode,DeviceCreateBuffer,2,692.4,8388608,2,370.5,8388608
binding-profile-compute-reused-only,compute,wgpu,root-mutable-blocks,1024,encode,InstanceWaitAny,1,833.6,0,1,722.2,0
binding-profile-compute-reused-only,compute,wgpu,root-mutable-blocks,1024,encode,MapPage,1,839.1,0,1,728.0,0
binding-profile-compute-reused-only,compute,wgpu,root-mutable-blocks,1024,encode,OrdinaryData,4096,1898.4,0,4096,1393.4,0
binding-profile-compute-reused-only,compute,wgpu,root-mutable-blocks,1024,encode,TrackResources,1024,145.5,0,1024,155.8,0
binding-profile-compute-reused-only,compute,wgpu,root-mutable-blocks,1024,finish,BufferUnmap,1,0.3,0,1,0.3,0
binding-profile-compute-reused-only,compute,wgpu,root-mutable-blocks,1024,finish,CommandEncoderCopyBufferToBuffer,2,2.7,1048580,2,1.5,1048580
binding-profile-compute-reused-only,compute,wgpu,root-mutable-blocks,1024,finish,CommandEncoderFinish,1,10.6,0,1,11.5,0
binding-profile-compute-reused-only,compute,wgpu,root-mutable-blocks,1024,finish,ComputePassEncoderDispatchWorkgroups,1024,921.9,0,1024,945.6,0
binding-profile-compute-reused-only,compute,wgpu,root-mutable-blocks,1024,finish,ComputePassEncoderSetBindGroup,3072,468.4,0,3072,472.6,0
binding-profile-compute-reused-only,compute,wgpu,root-mutable-blocks,1024,retire,BindGroupRelease,3072,427.1,0,3072,423.3,0
binding-profile-compute-reused-only,compute,wgpu,root-mutable-blocks,1024,retire,BufferRelease,2,1.9,0,2,2.0,0
binding-profile-compute-reused-only,compute,wgpu,root-mutable-blocks,1024,setup,BufferMapAsync,1,0.5,0,1,0.6,0
binding-profile-compute-reused-only,compute,wgpu,root-mutable-blocks,1024,setup,BufferUnmap,1,0.1,0,1,0.1,0
binding-profile-compute-reused-only,compute,wgpu,root-mutable-blocks,1024,setup,InstanceWaitAny,1,0.5,0,1,0.5,0
binding-profile-compute-reused-only,compute,wgpu,root-mutable-blocks,1024,submit,QueueSubmit,1,1604.4,0,1,1251.4,0
binding-profile-compute-reused-only,compute,wgpu,root-mutable-blocks,1024,wait,InstanceWaitAny,1,2365.3,0,1,2875.0,0
binding-profile-compute-reused-only,compute,wgpu,root-one-frozen-block,1024,encode,AllocateUniform,3072,1130.7,0,2048,1187.0,0
binding-profile-compute-reused-only,compute,wgpu,root-one-frozen-block,1024,encode,BindGroupAddRef,0,0.0,0,1024,27.6,0
binding-profile-compute-reused-only,compute,wgpu,root-one-frozen-block,1024,encode,BindingData,1024,5122.4,0,1024,3985.3,0
binding-profile-compute-reused-only,compute,wgpu,root-one-frozen-block,1024,encode,BufferMapAsync,1,5.2,0,1,5.2,0
binding-profile-compute-reused-only,compute,wgpu,root-one-frozen-block,1024,encode,DeviceCreateBindGroup,3072,2259.3,12288,2048,1543.8,7168
binding-profile-compute-reused-only,compute,wgpu,root-one-frozen-block,1024,encode,DeviceCreateBuffer,2,375.0,8388608,2,369.2,8388608
binding-profile-compute-reused-only,compute,wgpu,root-one-frozen-block,1024,encode,InstanceWaitAny,1,665.6,0,1,767.4,0
binding-profile-compute-reused-only,compute,wgpu,root-one-frozen-block,1024,encode,MapPage,1,671.0,0,1,772.9,0
binding-profile-compute-reused-only,compute,wgpu,root-one-frozen-block,1024,encode,OrdinaryData,4096,1354.5,0,3072,1341.1,0
binding-profile-compute-reused-only,compute,wgpu,root-one-frozen-block,1024,encode,TrackResources,1024,143.6,0,1024,111.3,0
binding-profile-compute-reused-only,compute,wgpu,root-one-frozen-block,1024,finish,BufferUnmap,1,0.3,0,1,0.3,0
binding-profile-compute-reused-only,compute,wgpu,root-one-frozen-block,1024,finish,CommandEncoderCopyBufferToBuffer,2,2.7,1048580,2,1.4,786436
binding-profile-compute-reused-only,compute,wgpu,root-one-frozen-block,1024,finish,CommandEncoderFinish,1,10.4,0,1,12.1,0
binding-profile-compute-reused-only,compute,wgpu,root-one-frozen-block,1024,finish,ComputePassEncoderDispatchWorkgroups,1024,923.4,0,1024,961.1,0
binding-profile-compute-reused-only,compute,wgpu,root-one-frozen-block,1024,finish,ComputePassEncoderSetBindGroup,3072,471.3,0,3072,472.1,0
binding-profile-compute-reused-only,compute,wgpu,root-one-frozen-block,1024,retire,BindGroupRelease,3072,418.9,0,3072,310.7,0
binding-profile-compute-reused-only,compute,wgpu,root-one-frozen-block,1024,retire,BufferRelease,2,1.9,0,2,1.9,0
binding-profile-compute-reused-only,compute,wgpu,root-one-frozen-block,1024,setup,BufferMapAsync,1,0.5,0,1,0.6,0
binding-profile-compute-reused-only,compute,wgpu,root-one-frozen-block,1024,setup,BufferUnmap,1,0.1,0,1,0.1,0
binding-profile-compute-reused-only,compute,wgpu,root-one-frozen-block,1024,setup,InstanceWaitAny,1,0.5,0,1,0.5,0
binding-profile-compute-reused-only,compute,wgpu,root-one-frozen-block,1024,submit,QueueSubmit,1,1600.9,0,1,1611.2,0
binding-profile-compute-reused-only,compute,wgpu,root-one-frozen-block,1024,wait,InstanceWaitAny,1,2491.3,0,1,2296.3,0
binding-profile-compute-reused-only,compute,wgpu,root-two-frozen-blocks,1024,encode,AllocateUniform,3072,1197.0,0,1024,1118.9,0
binding-profile-compute-reused-only,compute,wgpu,root-two-frozen-blocks,1024,encode,BindGroupAddRef,0,0.0,0,2048,55.2,0
binding-profile-compute-reused-only,compute,wgpu,root-two-frozen-blocks,1024,encode,BindingData,1024,4934.8,0,1024,2707.3,0
binding-profile-compute-reused-only,compute,wgpu,root-two-frozen-blocks,1024,encode,BufferMapAsync,1,5.2,0,1,5.2,0
binding-profile-compute-reused-only,compute,wgpu,root-two-frozen-blocks,1024,encode,DeviceCreateBindGroup,3072,2285.8,12288,1024,607.5,2048
binding-profile-compute-reused-only,compute,wgpu,root-two-frozen-blocks,1024,encode,DeviceCreateBuffer,2,421.9,8388608,2,365.5,8388608
binding-profile-compute-reused-only,compute,wgpu,root-two-frozen-blocks,1024,encode,InstanceWaitAny,1,698.7,0,1,721.8,0
binding-profile-compute-reused-only,compute,wgpu,root-two-frozen-blocks,1024,encode,MapPage,1,705.0,0,1,728.0,0
binding-profile-compute-reused-only,compute,wgpu,root-two-frozen-blocks,1024,encode,OrdinaryData,4096,1423.6,0,2048,1210.9,0
binding-profile-compute-reused-only,compute,wgpu,root-two-frozen-blocks,1024,encode,TrackResources,1024,145.8,0,1024,71.4,0
binding-profile-compute-reused-only,compute,wgpu,root-two-frozen-blocks,1024,finish,BufferUnmap,1,0.3,0,1,0.3,0
binding-profile-compute-reused-only,compute,wgpu,root-two-frozen-blocks,1024,finish,CommandEncoderCopyBufferToBuffer,2,2.8,1048580,2,1.5,524292
binding-profile-compute-reused-only,compute,wgpu,root-two-frozen-blocks,1024,finish,CommandEncoderFinish,1,10.8,0,1,13.7,0
binding-profile-compute-reused-only,compute,wgpu,root-two-frozen-blocks,1024,finish,ComputePassEncoderDispatchWorkgroups,1024,928.3,0,1024,990.3,0
binding-profile-compute-reused-only,compute,wgpu,root-two-frozen-blocks,1024,finish,ComputePassEncoderSetBindGroup,3072,472.6,0,3072,475.3,0
binding-profile-compute-reused-only,compute,wgpu,root-two-frozen-blocks,1024,retire,BindGroupRelease,3072,424.8,0,3072,194.1,0
binding-profile-compute-reused-only,compute,wgpu,root-two-frozen-blocks,1024,retire,BufferRelease,2,2.0,0,2,1.9,0
binding-profile-compute-reused-only,compute,wgpu,root-two-frozen-blocks,1024,setup,BufferMapAsync,1,0.5,0,1,0.6,0
binding-profile-compute-reused-only,compute,wgpu,root-two-frozen-blocks,1024,setup,BufferUnmap,1,0.2,0,1,0.2,0
binding-profile-compute-reused-only,compute,wgpu,root-two-frozen-blocks,1024,setup,InstanceWaitAny,1,0.5,0,1,0.5,0
binding-profile-compute-reused-only,compute,wgpu,root-two-frozen-blocks,1024,submit,QueueSubmit,1,1627.4,0,1,1504.6,0
binding-profile-compute-reused-only,compute,wgpu,root-two-frozen-blocks,1024,wait,InstanceWaitAny,1,2474.9,0,1,1963.6,0
binding-profile-compute-reused-only,compute,wgpu,rotate-frozen-roots,1024,encode,AllocateUniform,3072,1735.9,0,0,0.0,0
binding-profile-compute-reused-only,compute,wgpu,rotate-frozen-roots,1024,encode,BindingData,1024,5397.3,0,1024,111.5,0
binding-profile-compute-reused-only,compute,wgpu,rotate-frozen-roots,1024,encode,BufferMapAsync,1,5.1,0,0,0.0,0
binding-profile-compute-reused-only,compute,wgpu,rotate-frozen-roots,1024,encode,DeviceCreateBindGroup,3072,2256.4,12288,0,0.0,0
binding-profile-compute-reused-only,compute,wgpu,rotate-frozen-roots,1024,encode,DeviceCreateBuffer,2,726.7,8388608,0,0.0,0
binding-profile-compute-reused-only,compute,wgpu,rotate-frozen-roots,1024,encode,InstanceWaitAny,1,838.4,0,0,0.0,0
binding-profile-compute-reused-only,compute,wgpu,rotate-frozen-roots,1024,encode,MapPage,1,843.8,0,0,0.0,0
binding-profile-compute-reused-only,compute,wgpu,rotate-frozen-roots,1024,encode,OrdinaryData,4096,1988.3,0,0,0.0,0
binding-profile-compute-reused-only,compute,wgpu,rotate-frozen-roots,1024,encode,TrackResources,1024,179.4,0,0,0.0,0
binding-profile-compute-reused-only,compute,wgpu,rotate-frozen-roots,1024,finish,BufferUnmap,1,0.3,0,0,0.0,0
binding-profile-compute-reused-only,compute,wgpu,rotate-frozen-roots,1024,finish,CommandEncoderCopyBufferToBuffer,2,2.7,1048580,1,0.8,4
binding-profile-compute-reused-only,compute,wgpu,rotate-frozen-roots,1024,finish,CommandEncoderFinish,1,10.5,0,1,13.9,0
binding-profile-compute-reused-only,compute,wgpu,rotate-frozen-roots,1024,finish,ComputePassEncoderDispatchWorkgroups,1024,920.1,0,1024,993.0,0
binding-profile-compute-reused-only,compute,wgpu,rotate-frozen-roots,1024,finish,ComputePassEncoderSetBindGroup,3072,472.3,0,3072,491.1,0
binding-profile-compute-reused-only,compute,wgpu,rotate-frozen-roots,1024,retire,BindGroupRelease,3072,423.0,0,0,0.0,0
binding-profile-compute-reused-only,compute,wgpu,rotate-frozen-roots,1024,retire,BufferRelease,2,1.9,0,0,0.0,0
binding-profile-compute-reused-only,compute,wgpu,rotate-frozen-roots,1024,setup,BufferMapAsync,1,0.5,0,1,0.6,0
binding-profile-compute-reused-only,compute,wgpu,rotate-frozen-roots,1024,setup,BufferUnmap,1,0.1,0,1,0.1,0
binding-profile-compute-reused-only,compute,wgpu,rotate-frozen-roots,1024,setup,InstanceWaitAny,1,0.5,0,1,0.5,0
binding-profile-compute-reused-only,compute,wgpu,rotate-frozen-roots,1024,submit,QueueSubmit,1,1624.4,0,1,1534.4,0
binding-profile-compute-reused-only,compute,wgpu,rotate-frozen-roots,1024,wait,InstanceWaitAny,1,2468.4,0,1,2476.9,0
binding-profile-compute-reused-only,compute,wgpu,rotate-mutable-roots,1024,encode,AllocateUniform,3072,1098.1,0,3072,1177.3,0
binding-profile-compute-reused-only,compute,wgpu,rotate-mutable-roots,1024,encode,BindingData,1024,4800.3,0,1024,4964.6,0
binding-profile-compute-reused-only,compute,wgpu,rotate-mutable-roots,1024,encode,BufferMapAsync,1,5.1,0,1,5.1,0
binding-profile-compute-reused-only,compute,wgpu,rotate-mutable-roots,1024,encode,DeviceCreateBindGroup,3072,2223.5,12288,3072,2229.9,12288
binding-profile-compute-reused-only,compute,wgpu,rotate-mutable-roots,1024,encode,DeviceCreateBuffer,2,358.7,8388608,2,369.6,8388608
binding-profile-compute-reused-only,compute,wgpu,rotate-mutable-roots,1024,encode,InstanceWaitAny,1,660.7,0,1,718.8,0
binding-profile-compute-reused-only,compute,wgpu,rotate-mutable-roots,1024,encode,MapPage,1,666.1,0,1,724.4,0
binding-profile-compute-reused-only,compute,wgpu,rotate-mutable-roots,1024,encode,OrdinaryData,4096,1334.7,0,4096,1422.0,0
binding-profile-compute-reused-only,compute,wgpu,rotate-mutable-roots,1024,encode,TrackResources,1024,180.9,0,1024,203.3,0
binding-profile-compute-reused-only,compute,wgpu,rotate-mutable-roots,1024,finish,BufferUnmap,1,0.3,0,1,0.3,0
binding-profile-compute-reused-only,compute,wgpu,rotate-mutable-roots,1024,finish,CommandEncoderCopyBufferToBuffer,2,2.7,1048580,2,1.5,1048580
binding-profile-compute-reused-only,compute,wgpu,rotate-mutable-roots,1024,finish,CommandEncoderFinish,1,10.5,0,1,11.6,0
binding-profile-compute-reused-only,compute,wgpu,rotate-mutable-roots,1024,finish,ComputePassEncoderDispatchWorkgroups,1024,928.5,0,1024,947.1,0
binding-profile-compute-reused-only,compute,wgpu,rotate-mutable-roots,1024,finish,ComputePassEncoderSetBindGroup,3072,466.4,0,3072,464.1,0
binding-profile-compute-reused-only,compute,wgpu,rotate-mutable-roots,1024,retire,BindGroupRelease,3072,422.3,0,3072,426.2,0
binding-profile-compute-reused-only,compute,wgpu,rotate-mutable-roots,1024,retire,BufferRelease,2,1.9,0,2,1.9,0
binding-profile-compute-reused-only,compute,wgpu,rotate-mutable-roots,1024,setup,BufferMapAsync,1,0.5,0,1,0.6,0
binding-profile-compute-reused-only,compute,wgpu,rotate-mutable-roots,1024,setup,BufferUnmap,1,0.1,0,1,0.1,0
binding-profile-compute-reused-only,compute,wgpu,rotate-mutable-roots,1024,setup,InstanceWaitAny,1,0.5,0,1,0.5,0
binding-profile-compute-reused-only,compute,wgpu,rotate-mutable-roots,1024,submit,QueueSubmit,1,1597.0,0,1,1618.3,0
binding-profile-compute-reused-only,compute,wgpu,rotate-mutable-roots,1024,wait,InstanceWaitAny,1,2483.6,0,1,2422.0,0
binding-profile-compute-reused-only,compute,wgpu,static-frozen-root,1024,encode,AllocateUniform,3072,1101.2,0,0,0.0,0
binding-profile-compute-reused-only,compute,wgpu,static-frozen-root,1024,encode,BindingData,1024,4664.5,0,1024,70.9,0
binding-profile-compute-reused-only,compute,wgpu,static-frozen-root,1024,encode,BufferMapAsync,1,5.0,0,0,0.0,0
binding-profile-compute-reused-only,compute,wgpu,static-frozen-root,1024,encode,DeviceCreateBindGroup,3072,2206.1,12288,0,0.0,0
binding-profile-compute-reused-only,compute,wgpu,static-frozen-root,1024,encode,DeviceCreateBuffer,2,366.2,8388608,0,0.0,0
binding-profile-compute-reused-only,compute,wgpu,static-frozen-root,1024,encode,InstanceWaitAny,1,653.5,0,0,0.0,0
binding-profile-compute-reused-only,compute,wgpu,static-frozen-root,1024,encode,MapPage,1,659.7,0,0,0.0,0
binding-profile-compute-reused-only,compute,wgpu,static-frozen-root,1024,encode,OrdinaryData,4096,1308.6,0,0,0.0,0
binding-profile-compute-reused-only,compute,wgpu,static-frozen-root,1024,encode,TrackResources,1024,148.1,0,0,0.0,0
binding-profile-compute-reused-only,compute,wgpu,static-frozen-root,1024,finish,BufferUnmap,1,0.3,0,0,0.0,0
binding-profile-compute-reused-only,compute,wgpu,static-frozen-root,1024,finish,CommandEncoderCopyBufferToBuffer,2,2.7,1048580,1,0.8,4
binding-profile-compute-reused-only,compute,wgpu,static-frozen-root,1024,finish,CommandEncoderFinish,1,10.5,0,1,13.7,0
binding-profile-compute-reused-only,compute,wgpu,static-frozen-root,1024,finish,ComputePassEncoderDispatchWorkgroups,1024,926.9,0,1024,830.2,0
binding-profile-compute-reused-only,compute,wgpu,static-frozen-root,1024,finish,ComputePassEncoderSetBindGroup,3072,471.9,0,3,1.5,0
binding-profile-compute-reused-only,compute,wgpu,static-frozen-root,1024,retire,BindGroupRelease,3072,424.6,0,0,0.0,0
binding-profile-compute-reused-only,compute,wgpu,static-frozen-root,1024,retire,BufferRelease,2,1.9,0,0,0.0,0
binding-profile-compute-reused-only,compute,wgpu,static-frozen-root,1024,setup,BufferMapAsync,1,0.5,0,1,0.6,0
binding-profile-compute-reused-only,compute,wgpu,static-frozen-root,1024,setup,BufferUnmap,1,0.1,0,1,0.1,0
binding-profile-compute-reused-only,compute,wgpu,static-frozen-root,1024,setup,InstanceWaitAny,1,0.5,0,1,0.5,0
binding-profile-compute-reused-only,compute,wgpu,static-frozen-root,1024,submit,QueueSubmit,1,1597.9,0,1,1313.6,0
binding-profile-compute-reused-only,compute,wgpu,static-frozen-root,1024,wait,InstanceWaitAny,1,2459.4,0,1,1608.6,0
binding-profile-compute-reused-only,compute,wgpu,static-mutable,1024,encode,AllocateUniform,3072,1801.3,0,3072,1179.6,0
binding-profile-compute-reused-only,compute,wgpu,static-mutable,1024,encode,BindingData,1024,5394.5,0,1024,5012.5,0
binding-profile-compute-reused-only,compute,wgpu,static-mutable,1024,encode,BufferMapAsync,1,5.2,0,1,5.7,0
binding-profile-compute-reused-only,compute,wgpu,static-mutable,1024,encode,DeviceCreateBindGroup,3072,2226.8,12288,3072,2268.1,12288
binding-profile-compute-reused-only,compute,wgpu,static-mutable,1024,encode,DeviceCreateBuffer,2,877.8,8388608,2,365.4,8388608
binding-profile-compute-reused-only,compute,wgpu,static-mutable,1024,encode,InstanceWaitAny,1,854.7,0,1,729.3,0
binding-profile-compute-reused-only,compute,wgpu,static-mutable,1024,encode,MapPage,1,860.4,0,1,735.5,0
binding-profile-compute-reused-only,compute,wgpu,static-mutable,1024,encode,OrdinaryData,4096,2013.0,0,4096,1393.6,0
binding-profile-compute-reused-only,compute,wgpu,static-mutable,1024,encode,TrackResources,1024,144.0,0,1024,153.7,0
binding-profile-compute-reused-only,compute,wgpu,static-mutable,1024,finish,BufferUnmap,1,0.3,0,1,0.3,0
binding-profile-compute-reused-only,compute,wgpu,static-mutable,1024,finish,CommandEncoderCopyBufferToBuffer,2,2.8,1048580,2,1.4,1048580
binding-profile-compute-reused-only,compute,wgpu,static-mutable,1024,finish,CommandEncoderFinish,1,10.5,0,1,11.6,0
binding-profile-compute-reused-only,compute,wgpu,static-mutable,1024,finish,ComputePassEncoderDispatchWorkgroups,1024,923.8,0,1024,934.5,0
binding-profile-compute-reused-only,compute,wgpu,static-mutable,1024,finish,ComputePassEncoderSetBindGroup,3072,469.5,0,3072,476.9,0
binding-profile-compute-reused-only,compute,wgpu,static-mutable,1024,retire,BindGroupRelease,3072,427.1,0,3072,428.8,0
binding-profile-compute-reused-only,compute,wgpu,static-mutable,1024,retire,BufferRelease,2,1.9,0,2,2.0,0
binding-profile-compute-reused-only,compute,wgpu,static-mutable,1024,setup,BufferMapAsync,1,0.5,0,1,0.5,0
binding-profile-compute-reused-only,compute,wgpu,static-mutable,1024,setup,BufferUnmap,1,0.1,0,1,0.1,0
binding-profile-compute-reused-only,compute,wgpu,static-mutable,1024,setup,InstanceWaitAny,1,0.5,0,1,0.5,0
binding-profile-compute-reused-only,compute,wgpu,static-mutable,1024,submit,QueueSubmit,1,1593.4,0,1,1654.9,0
binding-profile-compute-reused-only,compute,wgpu,static-mutable,1024,wait,InstanceWaitAny,1,2390.7,0,1,2493.0,0
binding-profile-compute-reused-only,compute,wgpu,swap-frozen-blocks,1024,encode,AllocateUniform,3072,1804.4,0,1024,1150.5,0
binding-profile-compute-reused-only,compute,wgpu,swap-frozen-blocks,1024,encode,BindGroupAddRef,0,0.0,0,2048,61.4,0
binding-profile-compute-reused-only,compute,wgpu,swap-frozen-blocks,1024,encode,BindingData,1024,5452.1,0,1024,2889.3,0
binding-profile-compute-reused-only,compute,wgpu,swap-frozen-blocks,1024,encode,BufferMapAsync,1,5.2,0,1,5.2,0
binding-profile-compute-reused-only,compute,wgpu,swap-frozen-blocks,1024,encode,DeviceCreateBindGroup,3072,2256.3,12288,1024,625.3,2048
binding-profile-compute-reused-only,compute,wgpu,swap-frozen-blocks,1024,encode,DeviceCreateBuffer,2,872.3,8388608,2,369.7,8388608
binding-profile-compute-reused-only,compute,wgpu,swap-frozen-blocks,1024,encode,InstanceWaitAny,1,837.2,0,1,743.2,0
binding-profile-compute-reused-only,compute,wgpu,swap-frozen-blocks,1024,encode,MapPage,1,842.8,0,1,748.7,0
binding-profile-compute-reused-only,compute,wgpu,swap-frozen-blocks,1024,encode,OrdinaryData,4096,2029.5,0,2048,1241.7,0
binding-profile-compute-reused-only,compute,wgpu,swap-frozen-blocks,1024,encode,TrackResources,1024,150.1,0,1024,125.5,0
binding-profile-compute-reused-only,compute,wgpu,swap-frozen-blocks,1024,finish,BufferUnmap,1,0.3,0,1,0.3,0
binding-profile-compute-reused-only,compute,wgpu,swap-frozen-blocks,1024,finish,CommandEncoderCopyBufferToBuffer,2,2.8,1048580,2,1.5,524292
binding-profile-compute-reused-only,compute,wgpu,swap-frozen-blocks,1024,finish,CommandEncoderFinish,1,10.7,0,1,13.8,0
binding-profile-compute-reused-only,compute,wgpu,swap-frozen-blocks,1024,finish,ComputePassEncoderDispatchWorkgroups,1024,940.2,0,1024,986.9,0
binding-profile-compute-reused-only,compute,wgpu,swap-frozen-blocks,1024,finish,ComputePassEncoderSetBindGroup,3072,470.9,0,3072,466.6,0
binding-profile-compute-reused-only,compute,wgpu,swap-frozen-blocks,1024,retire,BindGroupRelease,3072,425.9,0,3072,191.6,0
binding-profile-compute-reused-only,compute,wgpu,swap-frozen-blocks,1024,retire,BufferRelease,2,2.0,0,2,1.9,0
binding-profile-compute-reused-only,compute,wgpu,swap-frozen-blocks,1024,setup,BufferMapAsync,1,0.5,0,1,0.5,0
binding-profile-compute-reused-only,compute,wgpu,swap-frozen-blocks,1024,setup,BufferUnmap,1,0.1,0,1,0.1,0
binding-profile-compute-reused-only,compute,wgpu,swap-frozen-blocks,1024,setup,InstanceWaitAny,1,0.5,0,1,0.5,0
binding-profile-compute-reused-only,compute,wgpu,swap-frozen-blocks,1024,submit,QueueSubmit,1,1602.5,0,1,1630.6,0
binding-profile-compute-reused-only,compute,wgpu,swap-frozen-blocks,1024,wait,InstanceWaitAny,1,2470.7,0,1,2465.8,0
binding-profile-compute-reused-only,compute,wgpu,swap-mutable-blocks,1024,encode,AllocateUniform,3072,1108.1,0,3072,1144.4,0
binding-profile-compute-reused-only,compute,wgpu,swap-mutable-blocks,1024,encode,BindingData,1024,4795.4,0,1024,5025.7,0
binding-profile-compute-reused-only,compute,wgpu,swap-mutable-blocks,1024,encode,BufferMapAsync,1,5.2,0,1,5.2,0
binding-profile-compute-reused-only,compute,wgpu,swap-mutable-blocks,1024,encode,DeviceCreateBindGroup,3072,2268.2,12288,3072,2349.7,12288
binding-profile-compute-reused-only,compute,wgpu,swap-mutable-blocks,1024,encode,DeviceCreateBuffer,2,363.6,8388608,2,370.1,8388608
binding-profile-compute-reused-only,compute,wgpu,swap-mutable-blocks,1024,encode,InstanceWaitAny,1,660.1,0,1,703.7,0
binding-profile-compute-reused-only,compute,wgpu,swap-mutable-blocks,1024,encode,MapPage,1,665.4,0,1,709.3,0
binding-profile-compute-reused-only,compute,wgpu,swap-mutable-blocks,1024,encode,OrdinaryData,4096,1333.9,0,4096,1375.1,0
binding-profile-compute-reused-only,compute,wgpu,swap-mutable-blocks,1024,encode,TrackResources,1024,152.1,0,1024,172.3,0
binding-profile-compute-reused-only,compute,wgpu,swap-mutable-blocks,1024,finish,BufferUnmap,1,0.3,0,1,0.3,0
binding-profile-compute-reused-only,compute,wgpu,swap-mutable-blocks,1024,finish,CommandEncoderCopyBufferToBuffer,2,2.7,1048580,2,1.5,1048580
binding-profile-compute-reused-only,compute,wgpu,swap-mutable-blocks,1024,finish,CommandEncoderFinish,1,10.4,0,1,11.0,0
binding-profile-compute-reused-only,compute,wgpu,swap-mutable-blocks,1024,finish,ComputePassEncoderDispatchWorkgroups,1024,918.5,0,1024,926.8,0
binding-profile-compute-reused-only,compute,wgpu,swap-mutable-blocks,1024,finish,ComputePassEncoderSetBindGroup,3072,468.3,0,3072,471.9,0
binding-profile-compute-reused-only,compute,wgpu,swap-mutable-blocks,1024,retire,BindGroupRelease,3072,421.2,0,3072,424.5,0
binding-profile-compute-reused-only,compute,wgpu,swap-mutable-blocks,1024,retire,BufferRelease,2,1.9,0,2,1.9,0
binding-profile-compute-reused-only,compute,wgpu,swap-mutable-blocks,1024,setup,BufferMapAsync,1,0.6,0,1,0.6,0
binding-profile-compute-reused-only,compute,wgpu,swap-mutable-blocks,1024,setup,BufferUnmap,1,0.1,0,1,0.1,0
binding-profile-compute-reused-only,compute,wgpu,swap-mutable-blocks,1024,setup,InstanceWaitAny,1,0.5,0,1,0.5,0
binding-profile-compute-reused-only,compute,wgpu,swap-mutable-blocks,1024,submit,QueueSubmit,1,1585.3,0,1,1668.8,0
binding-profile-compute-reused-only,compute,wgpu,swap-mutable-blocks,1024,wait,InstanceWaitAny,1,2476.5,0,1,2525.7,0
binding-profile-graphics-all-modes,graphics,wgpu,bulk-root-two-frozen-blocks,1024,encode,AllocateUniform,3072,1107.0,0,1024,1082.9,0
binding-profile-graphics-all-modes,graphics,wgpu,bulk-root-two-frozen-blocks,1024,encode,BindGroupAddRef,0,0.0,0,2048,54.7,0
binding-profile-graphics-all-modes,graphics,wgpu,bulk-root-two-frozen-blocks,1024,encode,BindingData,1024,4715.8,0,1024,2603.4,0
binding-profile-graphics-all-modes,graphics,wgpu,bulk-root-two-frozen-blocks,1024,encode,BufferMapAsync,1,5.2,0,1,5.6,0
binding-profile-graphics-all-modes,graphics,wgpu,bulk-root-two-frozen-blocks,1024,encode,DeviceCreateBindGroup,3072,2189.9,11264,1024,523.8,1024
binding-profile-graphics-all-modes,graphics,wgpu,bulk-root-two-frozen-blocks,1024,encode,DeviceCreateBuffer,2,364.9,8388608,2,393.3,8388608
binding-profile-graphics-all-modes,graphics,wgpu,bulk-root-two-frozen-blocks,1024,encode,InstanceWaitAny,1,657.9,0,1,651.3,0
binding-profile-graphics-all-modes,graphics,wgpu,bulk-root-two-frozen-blocks,1024,encode,MapPage,1,663.5,0,1,657.9,0
binding-profile-graphics-all-modes,graphics,wgpu,bulk-root-two-frozen-blocks,1024,encode,OrdinaryData,5120,1337.2,0,3072,1193.4,0
binding-profile-graphics-all-modes,graphics,wgpu,bulk-root-two-frozen-blocks,1024,encode,TrackResources,1024,132.9,0,1024,59.5,0
binding-profile-graphics-all-modes,graphics,wgpu,bulk-root-two-frozen-blocks,1024,finish,BufferUnmap,1,0.3,0,1,0.3,0
binding-profile-graphics-all-modes,graphics,wgpu,bulk-root-two-frozen-blocks,1024,finish,CommandEncoderCopyBufferToBuffer,1,1.2,1048576,1,1.2,524288
binding-profile-graphics-all-modes,graphics,wgpu,bulk-root-two-frozen-blocks,1024,finish,CommandEncoderFinish,1,1.5,0,1,1.5,0
binding-profile-graphics-all-modes,graphics,wgpu,bulk-root-two-frozen-blocks,1024,finish,RenderPassEncoderDraw,1024,181.1,0,1024,180.2,0
binding-profile-graphics-all-modes,graphics,wgpu,bulk-root-two-frozen-blocks,1024,finish,RenderPassEncoderSetBindGroup,3072,507.1,0,3072,505.1,0
binding-profile-graphics-all-modes,graphics,wgpu,bulk-root-two-frozen-blocks,1024,retire,BindGroupRelease,3072,372.3,0,3072,174.9,0
binding-profile-graphics-all-modes,graphics,wgpu,bulk-root-two-frozen-blocks,1024,retire,BufferRelease,2,1.6,0,2,1.6,0
binding-profile-graphics-all-modes,graphics,wgpu,bulk-root-two-frozen-blocks,1024,submit,QueueSubmit,1,769.5,0,1,213.8,0
binding-profile-graphics-all-modes,graphics,wgpu,bulk-root-two-frozen-blocks,1024,wait,InstanceWaitAny,1,3.4,0,1,113.3,0
binding-profile-graphics-all-modes,graphics,wgpu,fresh-frozen-blocks,1024,encode,AllocateUniform,3072,1111.1,0,1024,1055.3,0
binding-profile-graphics-all-modes,graphics,wgpu,fresh-frozen-blocks,1024,encode,BindGroupAddRef,0,0.0,0,2048,55.2,0
binding-profile-graphics-all-modes,graphics,wgpu,fresh-frozen-blocks,1024,encode,BindGroupRelease,0,0.0,0,2,1.4,0
binding-profile-graphics-all-modes,graphics,wgpu,fresh-frozen-blocks,1024,encode,BindingData,1024,4743.6,0,1024,14691.4,0
binding-profile-graphics-all-modes,graphics,wgpu,fresh-frozen-blocks,1024,encode,BufferMapAsync,1,5.3,0,1,5.3,0
binding-profile-graphics-all-modes,graphics,wgpu,fresh-frozen-blocks,1024,encode,BufferRelease,0,0.0,0,2,5.2,0
binding-profile-graphics-all-modes,graphics,wgpu,fresh-frozen-blocks,1024,encode,DeviceCreateBindGroup,3072,2227.1,11264,3072,2727.1,11264
binding-profile-graphics-all-modes,graphics,wgpu,fresh-frozen-blocks,1024,encode,DeviceCreateBuffer,2,372.1,8388608,2050,2880.9,8912896
binding-profile-graphics-all-modes,graphics,wgpu,fresh-frozen-blocks,1024,encode,InstanceWaitAny,1,654.9,0,2049,1537.1,0
binding-profile-graphics-all-modes,graphics,wgpu,fresh-frozen-blocks,1024,encode,MapPage,1,661.1,0,1,658.8,0
binding-profile-graphics-all-modes,graphics,wgpu,fresh-frozen-blocks,1024,encode,OrdinaryData,5120,1346.9,0,5120,7547.3,0
binding-profile-graphics-all-modes,graphics,wgpu,fresh-frozen-blocks,1024,encode,TrackResources,1024,136.6,0,1024,316.7,0
binding-profile-graphics-all-modes,graphics,wgpu,fresh-frozen-blocks,1024,finish,BufferUnmap,1,0.4,0,1,0.7,0
binding-profile-graphics-all-modes,graphics,wgpu,fresh-frozen-blocks,1024,finish,CommandEncoderCopyBufferToBuffer,1,1.2,1048576,1,2.9,524288
binding-profile-graphics-all-modes,graphics,wgpu,fresh-frozen-blocks,1024,finish,CommandEncoderFinish,1,1.5,0,1,3.7,0
binding-profile-graphics-all-modes,graphics,wgpu,fresh-frozen-blocks,1024,finish,RenderPassEncoderDraw,1024,183.7,0,1024,185.0,0
binding-profile-graphics-all-modes,graphics,wgpu,fresh-frozen-blocks,1024,finish,RenderPassEncoderSetBindGroup,3072,512.9,0,3072,676.4,0
binding-profile-graphics-all-modes,graphics,wgpu,fresh-frozen-blocks,1024,retire,BindGroupRelease,3072,379.2,0,5118,485.4,0
binding-profile-graphics-all-modes,graphics,wgpu,fresh-frozen-blocks,1024,retire,BufferRelease,2,1.7,0,2048,377.9,0
binding-profile-graphics-all-modes,graphics,wgpu,fresh-frozen-blocks,1024,submit,QueueSubmit,1,784.7,0,1,1116.8,0
binding-profile-graphics-all-modes,graphics,wgpu,fresh-frozen-blocks,1024,wait,InstanceWaitAny,1,3.5,0,1,3.8,0
binding-profile-graphics-all-modes,graphics,wgpu,fresh-mutable-blocks,1024,encode,AllocateUniform,3072,1103.0,0,3072,1095.0,0
binding-profile-graphics-all-modes,graphics,wgpu,fresh-mutable-blocks,1024,encode,BindingData,1024,4756.9,0,1024,4811.3,0
binding-profile-graphics-all-modes,graphics,wgpu,fresh-mutable-blocks,1024,encode,BufferMapAsync,1,5.3,0,1,5.2,0
binding-profile-graphics-all-modes,graphics,wgpu,fresh-mutable-blocks,1024,encode,DeviceCreateBindGroup,3072,2207.4,11264,3072,2181.2,11264
binding-profile-graphics-all-modes,graphics,wgpu,fresh-mutable-blocks,1024,encode,DeviceCreateBuffer,2,370.1,8388608,2,361.6,8388608
binding-profile-graphics-all-modes,graphics,wgpu,fresh-mutable-blocks,1024,encode,InstanceWaitAny,1,654.1,0,1,655.1,0
binding-profile-graphics-all-modes,graphics,wgpu,fresh-mutable-blocks,1024,encode,MapPage,1,659.8,0,1,660.4,0
binding-profile-graphics-all-modes,graphics,wgpu,fresh-mutable-blocks,1024,encode,OrdinaryData,5120,1347.4,0,5120,1347.5,0
binding-profile-graphics-all-modes,graphics,wgpu,fresh-mutable-blocks,1024,encode,TrackResources,1024,138.8,0,1024,148.9,0
binding-profile-graphics-all-modes,graphics,wgpu,fresh-mutable-blocks,1024,finish,BufferUnmap,1,0.3,0,1,0.3,0
binding-profile-graphics-all-modes,graphics,wgpu,fresh-mutable-blocks,1024,finish,CommandEncoderCopyBufferToBuffer,1,1.4,1048576,1,1.2,1048576
binding-profile-graphics-all-modes,graphics,wgpu,fresh-mutable-blocks,1024,finish,CommandEncoderFinish,1,1.6,0,1,1.5,0
binding-profile-graphics-all-modes,graphics,wgpu,fresh-mutable-blocks,1024,finish,RenderPassEncoderDraw,1024,183.0,0,1024,179.0,0
binding-profile-graphics-all-modes,graphics,wgpu,fresh-mutable-blocks,1024,finish,RenderPassEncoderSetBindGroup,3072,517.0,0,3072,509.6,0
binding-profile-graphics-all-modes,graphics,wgpu,fresh-mutable-blocks,1024,retire,BindGroupRelease,3072,377.2,0,3072,373.1,0
binding-profile-graphics-all-modes,graphics,wgpu,fresh-mutable-blocks,1024,retire,BufferRelease,2,1.7,0,2,1.7,0
binding-profile-graphics-all-modes,graphics,wgpu,fresh-mutable-blocks,1024,submit,QueueSubmit,1,760.5,0,1,723.4,0
binding-profile-graphics-all-modes,graphics,wgpu,fresh-mutable-blocks,1024,wait,InstanceWaitAny,1,3.5,0,1,3.5,0
binding-profile-graphics-all-modes,graphics,wgpu,mutate-blocks,1024,encode,AllocateUniform,3072,1097.8,0,3072,1108.2,0
binding-profile-graphics-all-modes,graphics,wgpu,mutate-blocks,1024,encode,BindingData,1024,4693.2,0,1024,4837.0,0
binding-profile-graphics-all-modes,graphics,wgpu,mutate-blocks,1024,encode,BufferMapAsync,1,5.2,0,1,5.3,0
binding-profile-graphics-all-modes,graphics,wgpu,mutate-blocks,1024,encode,DeviceCreateBindGroup,3072,2177.8,11264,3072,2177.6,11264
binding-profile-graphics-all-modes,graphics,wgpu,mutate-blocks,1024,encode,DeviceCreateBuffer,2,362.1,8388608,2,365.6,8388608
binding-profile-graphics-all-modes,graphics,wgpu,mutate-blocks,1024,encode,InstanceWaitAny,1,657.9,0,1,657.7,0
binding-profile-graphics-all-modes,graphics,wgpu,mutate-blocks,1024,encode,MapPage,1,663.6,0,1,663.6,0
binding-profile-graphics-all-modes,graphics,wgpu,mutate-blocks,1024,encode,OrdinaryData,5120,1335.1,0,5120,1349.7,0
binding-profile-graphics-all-modes,graphics,wgpu,mutate-blocks,1024,encode,TrackResources,1024,134.3,0,1024,142.0,0
binding-profile-graphics-all-modes,graphics,wgpu,mutate-blocks,1024,finish,BufferUnmap,1,0.3,0,1,0.3,0
binding-profile-graphics-all-modes,graphics,wgpu,mutate-blocks,1024,finish,CommandEncoderCopyBufferToBuffer,1,1.2,1048576,1,1.1,1048576
binding-profile-graphics-all-modes,graphics,wgpu,mutate-blocks,1024,finish,CommandEncoderFinish,1,1.5,0,1,1.5,0
binding-profile-graphics-all-modes,graphics,wgpu,mutate-blocks,1024,finish,RenderPassEncoderDraw,1024,185.5,0,1024,178.8,0
binding-profile-graphics-all-modes,graphics,wgpu,mutate-blocks,1024,finish,RenderPassEncoderSetBindGroup,3072,508.2,0,3072,506.7,0
binding-profile-graphics-all-modes,graphics,wgpu,mutate-blocks,1024,retire,BindGroupRelease,3072,373.4,0,3072,376.6,0
binding-profile-graphics-all-modes,graphics,wgpu,mutate-blocks,1024,retire,BufferRelease,2,1.6,0,2,1.8,0
binding-profile-graphics-all-modes,graphics,wgpu,mutate-blocks,1024,submit,QueueSubmit,1,746.1,0,1,745.6,0
binding-profile-graphics-all-modes,graphics,wgpu,mutate-blocks,1024,wait,InstanceWaitAny,1,3.5,0,1,3.5,0
binding-profile-graphics-all-modes,graphics,wgpu,root-mutable-blocks,1024,encode,AllocateUniform,3072,1099.0,0,3072,1097.8,0
binding-profile-graphics-all-modes,graphics,wgpu,root-mutable-blocks,1024,encode,BindingData,1024,4662.5,0,1024,4826.5,0
binding-profile-graphics-all-modes,graphics,wgpu,root-mutable-blocks,1024,encode,BufferMapAsync,1,5.2,0,1,5.2,0
binding-profile-graphics-all-modes,graphics,wgpu,root-mutable-blocks,1024,encode,DeviceCreateBindGroup,3072,2144.6,11264,3072,2060.4,11264
binding-profile-graphics-all-modes,graphics,wgpu,root-mutable-blocks,1024,encode,DeviceCreateBuffer,2,367.6,8388608,2,366.6,8388608
binding-profile-graphics-all-modes,graphics,wgpu,root-mutable-blocks,1024,encode,InstanceWaitAny,1,645.3,0,1,641.9,0
binding-profile-graphics-all-modes,graphics,wgpu,root-mutable-blocks,1024,encode,MapPage,1,650.9,0,1,647.7,0
binding-profile-graphics-all-modes,graphics,wgpu,root-mutable-blocks,1024,encode,OrdinaryData,5120,1336.0,0,5120,1339.3,0
binding-profile-graphics-all-modes,graphics,wgpu,root-mutable-blocks,1024,encode,TrackResources,1024,136.5,0,1024,147.7,0
binding-profile-graphics-all-modes,graphics,wgpu,root-mutable-blocks,1024,finish,BufferUnmap,1,0.3,0,1,0.3,0
binding-profile-graphics-all-modes,graphics,wgpu,root-mutable-blocks,1024,finish,CommandEncoderCopyBufferToBuffer,1,1.1,1048576,1,1.1,1048576
binding-profile-graphics-all-modes,graphics,wgpu,root-mutable-blocks,1024,finish,CommandEncoderFinish,1,1.4,0,1,1.5,0
binding-profile-graphics-all-modes,graphics,wgpu,root-mutable-blocks,1024,finish,RenderPassEncoderDraw,1024,181.7,0,1024,179.8,0
binding-profile-graphics-all-modes,graphics,wgpu,root-mutable-blocks,1024,finish,RenderPassEncoderSetBindGroup,3072,509.7,0,3072,508.8,0
binding-profile-graphics-all-modes,graphics,wgpu,root-mutable-blocks,1024,retire,BindGroupRelease,3072,375.2,0,3072,378.8,0
binding-profile-graphics-all-modes,graphics,wgpu,root-mutable-blocks,1024,retire,BufferRelease,2,1.6,0,2,1.8,0
binding-profile-graphics-all-modes,graphics,wgpu,root-mutable-blocks,1024,submit,QueueSubmit,1,738.4,0,1,298.0,0
binding-profile-graphics-all-modes,graphics,wgpu,root-mutable-blocks,1024,wait,InstanceWaitAny,1,3.4,0,1,169.6,0
binding-profile-graphics-all-modes,graphics,wgpu,root-one-frozen-block,1024,encode,AllocateUniform,3072,1096.2,0,2048,1096.3,0
binding-profile-graphics-all-modes,graphics,wgpu,root-one-frozen-block,1024,encode,BindGroupAddRef,0,0.0,0,1024,27.0,0
binding-profile-graphics-all-modes,graphics,wgpu,root-one-frozen-block,1024,encode,BindingData,1024,4665.3,0,1024,3835.1,0
binding-profile-graphics-all-modes,graphics,wgpu,root-one-frozen-block,1024,encode,BufferMapAsync,1,5.2,0,1,5.3,0
binding-profile-graphics-all-modes,graphics,wgpu,root-one-frozen-block,1024,encode,DeviceCreateBindGroup,3072,2180.1,11264,2048,1448.2,6144
binding-profile-graphics-all-modes,graphics,wgpu,root-one-frozen-block,1024,encode,DeviceCreateBuffer,2,363.6,8388608,2,372.5,8388608
binding-profile-graphics-all-modes,graphics,wgpu,root-one-frozen-block,1024,encode,InstanceWaitAny,1,649.0,0,1,658.7,0
binding-profile-graphics-all-modes,graphics,wgpu,root-one-frozen-block,1024,encode,MapPage,1,654.8,0,1,664.6,0
binding-profile-graphics-all-modes,graphics,wgpu,root-one-frozen-block,1024,encode,OrdinaryData,5120,1330.6,0,4096,1276.2,0
binding-profile-graphics-all-modes,graphics,wgpu,root-one-frozen-block,1024,encode,TrackResources,1024,133.1,0,1024,109.1,0
binding-profile-graphics-all-modes,graphics,wgpu,root-one-frozen-block,1024,finish,BufferUnmap,1,0.3,0,1,0.3,0
binding-profile-graphics-all-modes,graphics,wgpu,root-one-frozen-block,1024,finish,CommandEncoderCopyBufferToBuffer,1,1.1,1048576,1,1.1,786432
binding-profile-graphics-all-modes,graphics,wgpu,root-one-frozen-block,1024,finish,CommandEncoderFinish,1,1.5,0,1,1.5,0
binding-profile-graphics-all-modes,graphics,wgpu,root-one-frozen-block,1024,finish,RenderPassEncoderDraw,1024,182.1,0,1024,180.6,0
binding-profile-graphics-all-modes,graphics,wgpu,root-one-frozen-block,1024,finish,RenderPassEncoderSetBindGroup,3072,505.7,0,3072,509.9,0
binding-profile-graphics-all-modes,graphics,wgpu,root-one-frozen-block,1024,retire,BindGroupRelease,3072,376.9,0,3072,280.5,0
binding-profile-graphics-all-modes,graphics,wgpu,root-one-frozen-block,1024,retire,BufferRelease,2,1.6,0,2,1.7,0
binding-profile-graphics-all-modes,graphics,wgpu,root-one-frozen-block,1024,submit,QueueSubmit,1,752.2,0,1,684.1,0
binding-profile-graphics-all-modes,graphics,wgpu,root-one-frozen-block,1024,wait,InstanceWaitAny,1,3.5,0,1,3.3,0
binding-profile-graphics-all-modes,graphics,wgpu,root-two-frozen-blocks,1024,encode,AllocateUniform,3072,1095.7,0,1024,1054.6,0
binding-profile-graphics-all-modes,graphics,wgpu,root-two-frozen-blocks,1024,encode,BindGroupAddRef,0,0.0,0,2048,53.9,0
binding-profile-graphics-all-modes,graphics,wgpu,root-two-frozen-blocks,1024,encode,BindingData,1024,4685.1,0,1024,2589.1,0
binding-profile-graphics-all-modes,graphics,wgpu,root-two-frozen-blocks,1024,encode,BufferMapAsync,1,5.2,0,1,5.2,0
binding-profile-graphics-all-modes,graphics,wgpu,root-two-frozen-blocks,1024,encode,DeviceCreateBindGroup,3072,2206.1,11264,1024,522.7,1024
binding-profile-graphics-all-modes,graphics,wgpu,root-two-frozen-blocks,1024,encode,DeviceCreateBuffer,2,366.6,8388608,2,369.8,8388608
binding-profile-graphics-all-modes,graphics,wgpu,root-two-frozen-blocks,1024,encode,InstanceWaitAny,1,645.5,0,1,651.8,0
binding-profile-graphics-all-modes,graphics,wgpu,root-two-frozen-blocks,1024,encode,MapPage,1,651.2,0,1,657.6,0
binding-profile-graphics-all-modes,graphics,wgpu,root-two-frozen-blocks,1024,encode,OrdinaryData,5120,1338.3,0,3072,1169.8,0
binding-profile-graphics-all-modes,graphics,wgpu,root-two-frozen-blocks,1024,encode,TrackResources,1024,134.0,0,1024,60.0,0
binding-profile-graphics-all-modes,graphics,wgpu,root-two-frozen-blocks,1024,finish,BufferUnmap,1,0.3,0,1,0.3,0
binding-profile-graphics-all-modes,graphics,wgpu,root-two-frozen-blocks,1024,finish,CommandEncoderCopyBufferToBuffer,1,1.1,1048576,1,1.1,524288
binding-profile-graphics-all-modes,graphics,wgpu,root-two-frozen-blocks,1024,finish,CommandEncoderFinish,1,1.5,0,1,1.5,0
binding-profile-graphics-all-modes,graphics,wgpu,root-two-frozen-blocks,1024,finish,RenderPassEncoderDraw,1024,180.9,0,1024,180.6,0
binding-profile-graphics-all-modes,graphics,wgpu,root-two-frozen-blocks,1024,finish,RenderPassEncoderSetBindGroup,3072,505.1,0,3072,504.5,0
binding-profile-graphics-all-modes,graphics,wgpu,root-two-frozen-blocks,1024,retire,BindGroupRelease,3072,369.7,0,3072,172.2,0
binding-profile-graphics-all-modes,graphics,wgpu,root-two-frozen-blocks,1024,retire,BufferRelease,2,1.7,0,2,1.6,0
binding-profile-graphics-all-modes,graphics,wgpu,root-two-frozen-blocks,1024,submit,QueueSubmit,1,767.5,0,1,632.5,0
binding-profile-graphics-all-modes,graphics,wgpu,root-two-frozen-blocks,1024,wait,InstanceWaitAny,1,3.3,0,1,3.3,0
binding-profile-graphics-all-modes,graphics,wgpu,rotate-frozen-roots,1024,encode,AllocateUniform,3072,1096.2,0,0,0.0,0
binding-profile-graphics-all-modes,graphics,wgpu,rotate-frozen-roots,1024,encode,BindingData,1024,4762.5,0,1024,110.5,0
binding-profile-graphics-all-modes,graphics,wgpu,rotate-frozen-roots,1024,encode,BufferMapAsync,1,5.2,0,0,0.0,0
binding-profile-graphics-all-modes,graphics,wgpu,rotate-frozen-roots,1024,encode,DeviceCreateBindGroup,3072,2175.5,11264,0,0.0,0
binding-profile-graphics-all-modes,graphics,wgpu,rotate-frozen-roots,1024,encode,DeviceCreateBuffer,2,369.7,8388608,0,0.0,0
binding-profile-graphics-all-modes,graphics,wgpu,rotate-frozen-roots,1024,encode,InstanceWaitAny,1,650.3,0,0,0.0,0
binding-profile-graphics-all-modes,graphics,wgpu,rotate-frozen-roots,1024,encode,MapPage,1,656.0,0,0,0.0,0
binding-profile-graphics-all-modes,graphics,wgpu,rotate-frozen-roots,1024,encode,OrdinaryData,5120,1367.0,0,0,0.0,0
binding-profile-graphics-all-modes,graphics,wgpu,rotate-frozen-roots,1024,encode,TrackResources,1024,171.4,0,0,0.0,0
binding-profile-graphics-all-modes,graphics,wgpu,rotate-frozen-roots,1024,finish,BufferUnmap,1,0.3,0,0,0.0,0
binding-profile-graphics-all-modes,graphics,wgpu,rotate-frozen-roots,1024,finish,CommandEncoderCopyBufferToBuffer,1,1.3,1048576,0,0.0,0
binding-profile-graphics-all-modes,graphics,wgpu,rotate-frozen-roots,1024,finish,CommandEncoderFinish,1,1.5,0,1,1.4,0
binding-profile-graphics-all-modes,graphics,wgpu,rotate-frozen-roots,1024,finish,RenderPassEncoderDraw,1024,181.2,0,1024,184.0,0
binding-profile-graphics-all-modes,graphics,wgpu,rotate-frozen-roots,1024,finish,RenderPassEncoderSetBindGroup,3072,513.8,0,3072,537.7,0
binding-profile-graphics-all-modes,graphics,wgpu,rotate-frozen-roots,1024,retire,BindGroupRelease,3072,373.7,0,0,0.0,0
binding-profile-graphics-all-modes,graphics,wgpu,rotate-frozen-roots,1024,retire,BufferRelease,2,1.7,0,0,0.0,0
binding-profile-graphics-all-modes,graphics,wgpu,rotate-frozen-roots,1024,submit,QueueSubmit,1,725.3,0,1,638.4,0
binding-profile-graphics-all-modes,graphics,wgpu,rotate-frozen-roots,1024,wait,InstanceWaitAny,1,3.4,0,1,3.2,0
binding-profile-graphics-all-modes,graphics,wgpu,rotate-mutable-roots,1024,encode,AllocateUniform,3072,1108.1,0,3072,1179.0,0
binding-profile-graphics-all-modes,graphics,wgpu,rotate-mutable-roots,1024,encode,BindingData,1024,4781.8,0,1024,5132.7,0
binding-profile-graphics-all-modes,graphics,wgpu,rotate-mutable-roots,1024,encode,BufferMapAsync,1,5.1,0,1,6.8,0
binding-profile-graphics-all-modes,graphics,wgpu,rotate-mutable-roots,1024,encode,DeviceCreateBindGroup,3072,2172.1,11264,3072,2356.8,11264
binding-profile-graphics-all-modes,graphics,wgpu,rotate-mutable-roots,1024,encode,DeviceCreateBuffer,2,364.6,8388608,2,422.9,8388608
binding-profile-graphics-all-modes,graphics,wgpu,rotate-mutable-roots,1024,encode,InstanceWaitAny,1,658.3,0,1,665.6,0
binding-profile-graphics-all-modes,graphics,wgpu,rotate-mutable-roots,1024,encode,MapPage,1,664.6,0,1,673.4,0
binding-profile-graphics-all-modes,graphics,wgpu,rotate-mutable-roots,1024,encode,OrdinaryData,5120,1382.8,0,5120,1446.3,0
binding-profile-graphics-all-modes,graphics,wgpu,rotate-mutable-roots,1024,encode,TrackResources,1024,172.8,0,1024,197.0,0
binding-profile-graphics-all-modes,graphics,wgpu,rotate-mutable-roots,1024,finish,BufferUnmap,1,0.3,0,1,0.3,0
binding-profile-graphics-all-modes,graphics,wgpu,rotate-mutable-roots,1024,finish,CommandEncoderCopyBufferToBuffer,1,1.1,1048576,1,1.7,1048576
binding-profile-graphics-all-modes,graphics,wgpu,rotate-mutable-roots,1024,finish,CommandEncoderFinish,1,1.5,0,1,1.7,0
binding-profile-graphics-all-modes,graphics,wgpu,rotate-mutable-roots,1024,finish,RenderPassEncoderDraw,1024,183.9,0,1024,180.6,0
binding-profile-graphics-all-modes,graphics,wgpu,rotate-mutable-roots,1024,finish,RenderPassEncoderSetBindGroup,3072,514.4,0,3072,510.7,0
binding-profile-graphics-all-modes,graphics,wgpu,rotate-mutable-roots,1024,retire,BindGroupRelease,3072,369.2,0,3072,403.6,0
binding-profile-graphics-all-modes,graphics,wgpu,rotate-mutable-roots,1024,retire,BufferRelease,2,1.7,0,2,2.0,0
binding-profile-graphics-all-modes,graphics,wgpu,rotate-mutable-roots,1024,submit,QueueSubmit,1,740.3,0,1,1774.7,0
binding-profile-graphics-all-modes,graphics,wgpu,rotate-mutable-roots,1024,wait,InstanceWaitAny,1,3.4,0,1,3.7,0
binding-profile-graphics-all-modes,graphics,wgpu,static-frozen-root,1024,encode,AllocateUniform,3072,1091.0,0,0,0.0,0
binding-profile-graphics-all-modes,graphics,wgpu,static-frozen-root,1024,encode,BindingData,1024,4633.0,0,1024,68.0,0
binding-profile-graphics-all-modes,graphics,wgpu,static-frozen-root,1024,encode,BufferMapAsync,1,5.1,0,0,0.0,0
binding-profile-graphics-all-modes,graphics,wgpu,static-frozen-root,1024,encode,DeviceCreateBindGroup,3072,2133.1,11264,0,0.0,0
binding-profile-graphics-all-modes,graphics,wgpu,static-frozen-root,1024,encode,DeviceCreateBuffer,2,359.9,8388608,0,0.0,0
binding-profile-graphics-all-modes,graphics,wgpu,static-frozen-root,1024,encode,InstanceWaitAny,1,651.2,0,0,0.0,0
binding-profile-graphics-all-modes,graphics,wgpu,static-frozen-root,1024,encode,MapPage,1,656.9,0,0,0.0,0
binding-profile-graphics-all-modes,graphics,wgpu,static-frozen-root,1024,encode,OrdinaryData,5120,1327.2,0,0,0.0,0
binding-profile-graphics-all-modes,graphics,wgpu,static-frozen-root,1024,encode,TrackResources,1024,139.6,0,0,0.0,0
binding-profile-graphics-all-modes,graphics,wgpu,static-frozen-root,1024,finish,BufferUnmap,1,0.3,0,0,0.0,0
binding-profile-graphics-all-modes,graphics,wgpu,static-frozen-root,1024,finish,CommandEncoderCopyBufferToBuffer,1,1.1,1048576,0,0.0,0
binding-profile-graphics-all-modes,graphics,wgpu,static-frozen-root,1024,finish,CommandEncoderFinish,1,1.5,0,1,1.2,0
binding-profile-graphics-all-modes,graphics,wgpu,static-frozen-root,1024,finish,RenderPassEncoderDraw,1024,182.2,0,1024,65.0,0
binding-profile-graphics-all-modes,graphics,wgpu,static-frozen-root,1024,finish,RenderPassEncoderSetBindGroup,3072,504.7,0,3,1.7,0
binding-profile-graphics-all-modes,graphics,wgpu,static-frozen-root,1024,retire,BindGroupRelease,3072,366.7,0,0,0.0,0
binding-profile-graphics-all-modes,graphics,wgpu,static-frozen-root,1024,retire,BufferRelease,2,1.6,0,0,0.0,0
binding-profile-graphics-all-modes,graphics,wgpu,static-frozen-root,1024,submit,QueueSubmit,1,731.6,0,1,467.9,0
binding-profile-graphics-all-modes,graphics,wgpu,static-frozen-root,1024,wait,InstanceWaitAny,1,3.5,0,1,3.2,0
binding-profile-graphics-all-modes,graphics,wgpu,static-mutable,1024,encode,AllocateUniform,3072,1103.6,0,3072,1103.8,0
binding-profile-graphics-all-modes,graphics,wgpu,static-mutable,1024,encode,BindingData,1024,4663.1,0,1024,4787.7,0
binding-profile-graphics-all-modes,graphics,wgpu,static-mutable,1024,encode,BufferMapAsync,1,5.1,0,1,5.1,0
binding-profile-graphics-all-modes,graphics,wgpu,static-mutable,1024,encode,DeviceCreateBindGroup,3072,2178.8,11264,3072,2221.0,11264
binding-profile-graphics-all-modes,graphics,wgpu,static-mutable,1024,encode,DeviceCreateBuffer,2,366.2,8388608,2,362.0,8388608
binding-profile-graphics-all-modes,graphics,wgpu,static-mutable,1024,encode,InstanceWaitAny,1,650.4,0,1,657.4,0
binding-profile-graphics-all-modes,graphics,wgpu,static-mutable,1024,encode,MapPage,1,656.1,0,1,662.9,0
binding-profile-graphics-all-modes,graphics,wgpu,static-mutable,1024,encode,OrdinaryData,5120,1337.0,0,5120,1341.1,0
binding-profile-graphics-all-modes,graphics,wgpu,static-mutable,1024,encode,TrackResources,1024,137.3,0,1024,145.3,0
binding-profile-graphics-all-modes,graphics,wgpu,static-mutable,1024,finish,BufferUnmap,1,0.3,0,1,0.3,0
binding-profile-graphics-all-modes,graphics,wgpu,static-mutable,1024,finish,CommandEncoderCopyBufferToBuffer,1,1.1,1048576,1,1.1,1048576
binding-profile-graphics-all-modes,graphics,wgpu,static-mutable,1024,finish,CommandEncoderFinish,1,1.5,0,1,1.5,0
binding-profile-graphics-all-modes,graphics,wgpu,static-mutable,1024,finish,RenderPassEncoderDraw,1024,183.2,0,1024,179.8,0
binding-profile-graphics-all-modes,graphics,wgpu,static-mutable,1024,finish,RenderPassEncoderSetBindGroup,3072,507.2,0,3072,508.6,0
binding-profile-graphics-all-modes,graphics,wgpu,static-mutable,1024,retire,BindGroupRelease,3072,374.4,0,3072,379.2,0
binding-profile-graphics-all-modes,graphics,wgpu,static-mutable,1024,retire,BufferRelease,2,1.6,0,2,1.7,0
binding-profile-graphics-all-modes,graphics,wgpu,static-mutable,1024,submit,QueueSubmit,1,750.7,0,1,764.8,0
binding-profile-graphics-all-modes,graphics,wgpu,static-mutable,1024,wait,InstanceWaitAny,1,3.3,0,1,3.5,0
binding-profile-graphics-all-modes,graphics,wgpu,swap-frozen-blocks,1024,encode,AllocateUniform,3072,1107.8,0,1024,1066.8,0
binding-profile-graphics-all-modes,graphics,wgpu,swap-frozen-blocks,1024,encode,BindGroupAddRef,0,0.0,0,2048,62.8,0
binding-profile-graphics-all-modes,graphics,wgpu,swap-frozen-blocks,1024,encode,BindingData,1024,4735.7,0,1024,2751.6,0
binding-profile-graphics-all-modes,graphics,wgpu,swap-frozen-blocks,1024,encode,BufferMapAsync,1,5.2,0,1,5.2,0
binding-profile-graphics-all-modes,graphics,wgpu,swap-frozen-blocks,1024,encode,DeviceCreateBindGroup,3072,2186.0,11264,1024,521.4,1024
binding-profile-graphics-all-modes,graphics,wgpu,swap-frozen-blocks,1024,encode,DeviceCreateBuffer,2,366.5,8388608,2,370.8,8388608
binding-profile-graphics-all-modes,graphics,wgpu,swap-frozen-blocks,1024,encode,InstanceWaitAny,1,651.9,0,1,655.9,0
binding-profile-graphics-all-modes,graphics,wgpu,swap-frozen-blocks,1024,encode,MapPage,1,658.2,0,1,661.5,0
binding-profile-graphics-all-modes,graphics,wgpu,swap-frozen-blocks,1024,encode,OrdinaryData,5120,1361.1,0,3072,1179.4,0
binding-profile-graphics-all-modes,graphics,wgpu,swap-frozen-blocks,1024,encode,TrackResources,1024,141.7,0,1024,121.8,0
binding-profile-graphics-all-modes,graphics,wgpu,swap-frozen-blocks,1024,finish,BufferUnmap,1,0.3,0,1,0.3,0
binding-profile-graphics-all-modes,graphics,wgpu,swap-frozen-blocks,1024,finish,CommandEncoderCopyBufferToBuffer,1,1.1,1048576,1,1.2,524288
binding-profile-graphics-all-modes,graphics,wgpu,swap-frozen-blocks,1024,finish,CommandEncoderFinish,1,1.5,0,1,1.5,0
binding-profile-graphics-all-modes,graphics,wgpu,swap-frozen-blocks,1024,finish,RenderPassEncoderDraw,1024,181.7,0,1024,180.8,0
binding-profile-graphics-all-modes,graphics,wgpu,swap-frozen-blocks,1024,finish,RenderPassEncoderSetBindGroup,3072,509.4,0,3072,516.5,0
binding-profile-graphics-all-modes,graphics,wgpu,swap-frozen-blocks,1024,retire,BindGroupRelease,3072,372.1,0,3072,168.9,0
binding-profile-graphics-all-modes,graphics,wgpu,swap-frozen-blocks,1024,retire,BufferRelease,2,1.6,0,2,1.6,0
binding-profile-graphics-all-modes,graphics,wgpu,swap-frozen-blocks,1024,submit,QueueSubmit,1,740.8,0,1,702.2,0
binding-profile-graphics-all-modes,graphics,wgpu,swap-frozen-blocks,1024,wait,InstanceWaitAny,1,3.4,0,1,3.4,0
binding-profile-graphics-all-modes,graphics,wgpu,swap-mutable-blocks,1024,encode,AllocateUniform,3072,1100.2,0,3072,1102.3,0
binding-profile-graphics-all-modes,graphics,wgpu,swap-mutable-blocks,1024,encode,BindingData,1024,4761.2,0,1024,4903.9,0
binding-profile-graphics-all-modes,graphics,wgpu,swap-mutable-blocks,1024,encode,BufferMapAsync,1,5.2,0,1,5.2,0
binding-profile-graphics-all-modes,graphics,wgpu,swap-mutable-blocks,1024,encode,DeviceCreateBindGroup,3072,2183.7,11264,3072,2280.1,11264
binding-profile-graphics-all-modes,graphics,wgpu,swap-mutable-blocks,1024,encode,DeviceCreateBuffer,2,368.6,8388608,2,367.7,8388608
binding-profile-graphics-all-modes,graphics,wgpu,swap-mutable-blocks,1024,encode,InstanceWaitAny,1,647.2,0,1,652.1,0
binding-profile-graphics-all-modes,graphics,wgpu,swap-mutable-blocks,1024,encode,MapPage,1,652.8,0,1,657.9,0
binding-profile-graphics-all-modes,graphics,wgpu,swap-mutable-blocks,1024,encode,OrdinaryData,5120,1358.2,0,5120,1358.5,0
binding-profile-graphics-all-modes,graphics,wgpu,swap-mutable-blocks,1024,encode,TrackResources,1024,144.5,0,1024,165.4,0
binding-profile-graphics-all-modes,graphics,wgpu,swap-mutable-blocks,1024,finish,BufferUnmap,1,0.3,0,1,0.3,0
binding-profile-graphics-all-modes,graphics,wgpu,swap-mutable-blocks,1024,finish,CommandEncoderCopyBufferToBuffer,1,1.1,1048576,1,1.2,1048576
binding-profile-graphics-all-modes,graphics,wgpu,swap-mutable-blocks,1024,finish,CommandEncoderFinish,1,1.5,0,1,1.5,0
binding-profile-graphics-all-modes,graphics,wgpu,swap-mutable-blocks,1024,finish,RenderPassEncoderDraw,1024,183.0,0,1024,179.8,0
binding-profile-graphics-all-modes,graphics,wgpu,swap-mutable-blocks,1024,finish,RenderPassEncoderSetBindGroup,3072,509.9,0,3072,510.4,0
binding-profile-graphics-all-modes,graphics,wgpu,swap-mutable-blocks,1024,retire,BindGroupRelease,3072,371.9,0,3072,377.1,0
binding-profile-graphics-all-modes,graphics,wgpu,swap-mutable-blocks,1024,retire,BufferRelease,2,1.6,0,2,1.8,0
binding-profile-graphics-all-modes,graphics,wgpu,swap-mutable-blocks,1024,submit,QueueSubmit,1,731.8,0,1,754.7,0
binding-profile-graphics-all-modes,graphics,wgpu,swap-mutable-blocks,1024,wait,InstanceWaitAny,1,3.5,0,1,3.5,0
binding-profile-graphics-mode-10,graphics,wgpu,rotate-mutable-roots,1024,encode,AllocateUniform,3072,1152.2,0,3072,1457.0,0
binding-profile-graphics-mode-10,graphics,wgpu,rotate-mutable-roots,1024,encode,BindingData,1024,4741.4,0,1024,5372.5,0
binding-profile-graphics-mode-10,graphics,wgpu,rotate-mutable-roots,1024,encode,BufferMapAsync,1,5.2,0,1,5.3,0
binding-profile-graphics-mode-10,graphics,wgpu,rotate-mutable-roots,1024,encode,DeviceCreateBindGroup,3072,2190.1,11264,3072,2160.9,11264
binding-profile-graphics-mode-10,graphics,wgpu,rotate-mutable-roots,1024,encode,DeviceCreateBuffer,2,366.9,8388608,2,374.6,8388608
binding-profile-graphics-mode-10,graphics,wgpu,rotate-mutable-roots,1024,encode,InstanceWaitAny,1,675.3,0,1,812.4,0
binding-profile-graphics-mode-10,graphics,wgpu,rotate-mutable-roots,1024,encode,MapPage,1,681.0,0,1,818.7,0
binding-profile-graphics-mode-10,graphics,wgpu,rotate-mutable-roots,1024,encode,OrdinaryData,5120,1403.0,0,5120,1714.5,0
binding-profile-graphics-mode-10,graphics,wgpu,rotate-mutable-roots,1024,encode,TrackResources,1024,150.9,0,1024,169.4,0
binding-profile-graphics-mode-10,graphics,wgpu,rotate-mutable-roots,1024,finish,BufferUnmap,1,0.3,0,1,0.3,0
binding-profile-graphics-mode-10,graphics,wgpu,rotate-mutable-roots,1024,finish,CommandEncoderCopyBufferToBuffer,1,1.3,1048576,1,1.2,1048576
binding-profile-graphics-mode-10,graphics,wgpu,rotate-mutable-roots,1024,finish,CommandEncoderFinish,1,1.5,0,1,1.5,0
binding-profile-graphics-mode-10,graphics,wgpu,rotate-mutable-roots,1024,finish,RenderPassEncoderDraw,1024,182.9,0,1024,183.2,0
binding-profile-graphics-mode-10,graphics,wgpu,rotate-mutable-roots,1024,finish,RenderPassEncoderSetBindGroup,3072,512.5,0,3072,512.3,0
binding-profile-graphics-mode-10,graphics,wgpu,rotate-mutable-roots,1024,retire,BindGroupRelease,3072,373.9,0,3072,375.0,0
binding-profile-graphics-mode-10,graphics,wgpu,rotate-mutable-roots,1024,retire,BufferRelease,2,1.8,0,2,1.8,0
binding-profile-graphics-mode-10,graphics,wgpu,rotate-mutable-roots,1024,submit,QueueSubmit,1,751.8,0,1,757.1,0
binding-profile-graphics-mode-10,graphics,wgpu,rotate-mutable-roots,1024,wait,InstanceWaitAny,1,3.6,0,1,3.6,0
binding-profile-graphics-mode-11,graphics,wgpu,rotate-frozen-roots,1024,encode,AllocateUniform,3072,1124.4,0,0,0.0,0
binding-profile-graphics-mode-11,graphics,wgpu,rotate-frozen-roots,1024,encode,BindingData,1024,4748.6,0,1024,93.5,0
binding-profile-graphics-mode-11,graphics,wgpu,rotate-frozen-roots,1024,encode,BufferMapAsync,1,5.2,0,0,0.0,0
binding-profile-graphics-mode-11,graphics,wgpu,rotate-frozen-roots,1024,encode,DeviceCreateBindGroup,3072,2173.2,11264,0,0.0,0
binding-profile-graphics-mode-11,graphics,wgpu,rotate-frozen-roots,1024,encode,DeviceCreateBuffer,2,367.4,8388608,0,0.0,0
binding-profile-graphics-mode-11,graphics,wgpu,rotate-frozen-roots,1024,encode,InstanceWaitAny,1,661.3,0,0,0.0,0
binding-profile-graphics-mode-11,graphics,wgpu,rotate-frozen-roots,1024,encode,MapPage,1,667.0,0,0,0.0,0
binding-profile-graphics-mode-11,graphics,wgpu,rotate-frozen-roots,1024,encode,OrdinaryData,5120,1376.6,0,0,0.0,0
binding-profile-graphics-mode-11,graphics,wgpu,rotate-frozen-roots,1024,encode,TrackResources,1024,149.3,0,0,0.0,0
binding-profile-graphics-mode-11,graphics,wgpu,rotate-frozen-roots,1024,finish,BufferUnmap,1,0.3,0,0,0.0,0
binding-profile-graphics-mode-11,graphics,wgpu,rotate-frozen-roots,1024,finish,CommandEncoderCopyBufferToBuffer,1,1.3,1048576,0,0.0,0
binding-profile-graphics-mode-11,graphics,wgpu,rotate-frozen-roots,1024,finish,CommandEncoderFinish,1,1.5,0,1,1.3,0
binding-profile-graphics-mode-11,graphics,wgpu,rotate-frozen-roots,1024,finish,RenderPassEncoderDraw,1024,183.5,0,1024,181.2,0
binding-profile-graphics-mode-11,graphics,wgpu,rotate-frozen-roots,1024,finish,RenderPassEncoderSetBindGroup,3072,522.2,0,3072,527.1,0
binding-profile-graphics-mode-11,graphics,wgpu,rotate-frozen-roots,1024,retire,BindGroupRelease,3072,379.0,0,0,0.0,0
binding-profile-graphics-mode-11,graphics,wgpu,rotate-frozen-roots,1024,retire,BufferRelease,2,1.8,0,0,0.0,0
binding-profile-graphics-mode-11,graphics,wgpu,rotate-frozen-roots,1024,submit,QueueSubmit,1,760.6,0,1,218.4,0
binding-profile-graphics-mode-11,graphics,wgpu,rotate-frozen-roots,1024,wait,InstanceWaitAny,1,3.5,0,1,68.5,0
binding-profile-graphics-mode-2,graphics,wgpu,root-mutable-blocks,1024,encode,AllocateUniform,3072,1374.6,0,3072,1138.3,0
binding-profile-graphics-mode-2,graphics,wgpu,root-mutable-blocks,1024,encode,BindingData,1024,5319.0,0,1024,4801.2,0
binding-profile-graphics-mode-2,graphics,wgpu,root-mutable-blocks,1024,encode,BufferMapAsync,1,5.2,0,1,5.3,0
binding-profile-graphics-mode-2,graphics,wgpu,root-mutable-blocks,1024,encode,DeviceCreateBindGroup,3072,2248.8,11264,3072,2189.5,11264
binding-profile-graphics-mode-2,graphics,wgpu,root-mutable-blocks,1024,encode,DeviceCreateBuffer,2,377.1,8388608,2,379.4,8388608
binding-profile-graphics-mode-2,graphics,wgpu,root-mutable-blocks,1024,encode,InstanceWaitAny,1,784.8,0,1,661.3,0
binding-profile-graphics-mode-2,graphics,wgpu,root-mutable-blocks,1024,encode,MapPage,1,792.7,0,1,666.9,0
binding-profile-graphics-mode-2,graphics,wgpu,root-mutable-blocks,1024,encode,OrdinaryData,5120,1619.1,0,5120,1374.4,0
binding-profile-graphics-mode-2,graphics,wgpu,root-mutable-blocks,1024,encode,TrackResources,1024,138.2,0,1024,145.9,0
binding-profile-graphics-mode-2,graphics,wgpu,root-mutable-blocks,1024,finish,BufferUnmap,1,0.3,0,1,0.4,0
binding-profile-graphics-mode-2,graphics,wgpu,root-mutable-blocks,1024,finish,CommandEncoderCopyBufferToBuffer,1,1.3,1048576,1,1.3,1048576
binding-profile-graphics-mode-2,graphics,wgpu,root-mutable-blocks,1024,finish,CommandEncoderFinish,1,1.5,0,1,1.7,0
binding-profile-graphics-mode-2,graphics,wgpu,root-mutable-blocks,1024,finish,RenderPassEncoderDraw,1024,184.9,0,1024,180.8,0
binding-profile-graphics-mode-2,graphics,wgpu,root-mutable-blocks,1024,finish,RenderPassEncoderSetBindGroup,3072,516.5,0,3072,512.8,0
binding-profile-graphics-mode-2,graphics,wgpu,root-mutable-blocks,1024,retire,BindGroupRelease,3072,381.6,0,3072,368.5,0
binding-profile-graphics-mode-2,graphics,wgpu,root-mutable-blocks,1024,retire,BufferRelease,2,1.6,0,2,1.8,0
binding-profile-graphics-mode-2,graphics,wgpu,root-mutable-blocks,1024,submit,QueueSubmit,1,763.5,0,1,802.1,0
binding-profile-graphics-mode-2,graphics,wgpu,root-mutable-blocks,1024,wait,InstanceWaitAny,1,3.5,0,1,3.5,0
binding-profile-graphics-mode-4,graphics,wgpu,root-two-frozen-blocks,1024,encode,AllocateUniform,3072,1157.7,0,1024,1130.6,0
binding-profile-graphics-mode-4,graphics,wgpu,root-two-frozen-blocks,1024,encode,BindGroupAddRef,0,0.0,0,2048,54.9,0
binding-profile-graphics-mode-4,graphics,wgpu,root-two-frozen-blocks,1024,encode,BindingData,1024,4769.0,0,1024,2650.2,0
binding-profile-graphics-mode-4,graphics,wgpu,root-two-frozen-blocks,1024,encode,BufferMapAsync,1,5.3,0,1,5.3,0
binding-profile-graphics-mode-4,graphics,wgpu,root-two-frozen-blocks,1024,encode,DeviceCreateBindGroup,3072,2232.1,11264,1024,517.8,1024
binding-profile-graphics-mode-4,graphics,wgpu,root-two-frozen-blocks,1024,encode,DeviceCreateBuffer,2,379.2,8388608,2,372.3,8388608
binding-profile-graphics-mode-4,graphics,wgpu,root-two-frozen-blocks,1024,encode,InstanceWaitAny,1,686.0,0,1,688.3,0
binding-profile-graphics-mode-4,graphics,wgpu,root-two-frozen-blocks,1024,encode,MapPage,1,691.6,0,1,694.3,0
binding-profile-graphics-mode-4,graphics,wgpu,root-two-frozen-blocks,1024,encode,OrdinaryData,5120,1397.9,0,3072,1246.3,0
binding-profile-graphics-mode-4,graphics,wgpu,root-two-frozen-blocks,1024,encode,TrackResources,1024,138.2,0,1024,58.6,0
binding-profile-graphics-mode-4,graphics,wgpu,root-two-frozen-blocks,1024,finish,BufferUnmap,1,0.3,0,1,0.3,0
binding-profile-graphics-mode-4,graphics,wgpu,root-two-frozen-blocks,1024,finish,CommandEncoderCopyBufferToBuffer,1,1.2,1048576,1,1.1,524288
binding-profile-graphics-mode-4,graphics,wgpu,root-two-frozen-blocks,1024,finish,CommandEncoderFinish,1,1.5,0,1,1.5,0
binding-profile-graphics-mode-4,graphics,wgpu,root-two-frozen-blocks,1024,finish,RenderPassEncoderDraw,1024,181.9,0,1024,180.7,0
binding-profile-graphics-mode-4,graphics,wgpu,root-two-frozen-blocks,1024,finish,RenderPassEncoderSetBindGroup,3072,509.9,0,3072,509.9,0
binding-profile-graphics-mode-4,graphics,wgpu,root-two-frozen-blocks,1024,retire,BindGroupRelease,3072,373.7,0,3072,174.5,0
binding-profile-graphics-mode-4,graphics,wgpu,root-two-frozen-blocks,1024,retire,BufferRelease,2,1.7,0,2,1.6,0
binding-profile-graphics-mode-4,graphics,wgpu,root-two-frozen-blocks,1024,submit,QueueSubmit,1,798.5,0,1,635.8,0
binding-profile-graphics-mode-4,graphics,wgpu,root-two-frozen-blocks,1024,wait,InstanceWaitAny,1,3.8,0,1,3.3,0
binding-profile-graphics-reused-only,graphics,wgpu,bulk-root-two-frozen-blocks,1024,encode,AllocateUniform,3072,1098.4,0,1024,1087.5,0
binding-profile-graphics-reused-only,graphics,wgpu,bulk-root-two-frozen-blocks,1024,encode,BindGroupAddRef,0,0.0,0,2048,54.7,0
binding-profile-graphics-reused-only,graphics,wgpu,bulk-root-two-frozen-blocks,1024,encode,BindingData,1024,4687.7,0,1024,2590.4,0
binding-profile-graphics-reused-only,graphics,wgpu,bulk-root-two-frozen-blocks,1024,encode,BufferMapAsync,1,5.2,0,1,5.2,0
binding-profile-graphics-reused-only,graphics,wgpu,bulk-root-two-frozen-blocks,1024,encode,DeviceCreateBindGroup,3072,2158.7,11264,1024,511.1,1024
binding-profile-graphics-reused-only,graphics,wgpu,bulk-root-two-frozen-blocks,1024,encode,DeviceCreateBuffer,2,362.9,8388608,2,378.2,8388608
binding-profile-graphics-reused-only,graphics,wgpu,bulk-root-two-frozen-blocks,1024,encode,InstanceWaitAny,1,642.6,0,1,669.3,0
binding-profile-graphics-reused-only,graphics,wgpu,bulk-root-two-frozen-blocks,1024,encode,MapPage,1,648.3,0,1,675.2,0
binding-profile-graphics-reused-only,graphics,wgpu,bulk-root-two-frozen-blocks,1024,encode,OrdinaryData,5120,1342.4,0,3072,1198.8,0
binding-profile-graphics-reused-only,graphics,wgpu,bulk-root-two-frozen-blocks,1024,encode,TrackResources,1024,138.5,0,1024,59.0,0
binding-profile-graphics-reused-only,graphics,wgpu,bulk-root-two-frozen-blocks,1024,finish,BufferUnmap,1,0.3,0,1,0.4,0
binding-profile-graphics-reused-only,graphics,wgpu,bulk-root-two-frozen-blocks,1024,finish,CommandEncoderCopyBufferToBuffer,1,1.1,1048576,1,1.1,524288
binding-profile-graphics-reused-only,graphics,wgpu,bulk-root-two-frozen-blocks,1024,finish,CommandEncoderFinish,1,1.4,0,1,1.5,0
binding-profile-graphics-reused-only,graphics,wgpu,bulk-root-two-frozen-blocks,1024,finish,RenderPassEncoderDraw,1024,181.3,0,1024,184.5,0
binding-profile-graphics-reused-only,graphics,wgpu,bulk-root-two-frozen-blocks,1024,finish,RenderPassEncoderSetBindGroup,3072,512.5,0,3072,509.0,0
binding-profile-graphics-reused-only,graphics,wgpu,bulk-root-two-frozen-blocks,1024,retire,BindGroupRelease,3072,372.2,0,3072,166.3,0
binding-profile-graphics-reused-only,graphics,wgpu,bulk-root-two-frozen-blocks,1024,retire,BufferRelease,2,1.6,0,2,1.7,0
binding-profile-graphics-reused-only,graphics,wgpu,bulk-root-two-frozen-blocks,1024,submit,QueueSubmit,1,745.5,0,1,199.4,0
binding-profile-graphics-reused-only,graphics,wgpu,bulk-root-two-frozen-blocks,1024,wait,InstanceWaitAny,1,4.1,0,1,116.7,0
binding-profile-graphics-reused-only,graphics,wgpu,mutate-blocks,1024,encode,AllocateUniform,3072,1103.5,0,3072,1119.7,0
binding-profile-graphics-reused-only,graphics,wgpu,mutate-blocks,1024,encode,BindingData,1024,4698.8,0,1024,4800.4,0
binding-profile-graphics-reused-only,graphics,wgpu,mutate-blocks,1024,encode,BufferMapAsync,1,5.2,0,1,5.2,0
binding-profile-graphics-reused-only,graphics,wgpu,mutate-blocks,1024,encode,DeviceCreateBindGroup,3072,2174.7,11264,3072,2169.1,11264
binding-profile-graphics-reused-only,graphics,wgpu,mutate-blocks,1024,encode,DeviceCreateBuffer,2,367.5,8388608,2,362.6,8388608
binding-profile-graphics-reused-only,graphics,wgpu,mutate-blocks,1024,encode,InstanceWaitAny,1,653.2,0,1,671.8,0
binding-profile-graphics-reused-only,graphics,wgpu,mutate-blocks,1024,encode,MapPage,1,658.9,0,1,677.4,0
binding-profile-graphics-reused-only,graphics,wgpu,mutate-blocks,1024,encode,OrdinaryData,5120,1336.9,0,5120,1360.9,0
binding-profile-graphics-reused-only,graphics,wgpu,mutate-blocks,1024,encode,TrackResources,1024,133.6,0,1024,142.7,0
binding-profile-graphics-reused-only,graphics,wgpu,mutate-blocks,1024,finish,BufferUnmap,1,0.3,0,1,0.3,0
binding-profile-graphics-reused-only,graphics,wgpu,mutate-blocks,1024,finish,CommandEncoderCopyBufferToBuffer,1,1.1,1048576,1,1.1,1048576
binding-profile-graphics-reused-only,graphics,wgpu,mutate-blocks,1024,finish,CommandEncoderFinish,1,1.4,0,1,1.5,0
binding-profile-graphics-reused-only,graphics,wgpu,mutate-blocks,1024,finish,RenderPassEncoderDraw,1024,183.0,0,1024,183.5,0
binding-profile-graphics-reused-only,graphics,wgpu,mutate-blocks,1024,finish,RenderPassEncoderSetBindGroup,3072,514.8,0,3072,509.0,0
binding-profile-graphics-reused-only,graphics,wgpu,mutate-blocks,1024,retire,BindGroupRelease,3072,379.2,0,3072,372.9,0
binding-profile-graphics-reused-only,graphics,wgpu,mutate-blocks,1024,retire,BufferRelease,2,1.7,0,2,1.7,0
binding-profile-graphics-reused-only,graphics,wgpu,mutate-blocks,1024,submit,QueueSubmit,1,747.9,0,1,759.8,0
binding-profile-graphics-reused-only,graphics,wgpu,mutate-blocks,1024,wait,InstanceWaitAny,1,3.7,0,1,3.4,0
binding-profile-graphics-reused-only,graphics,wgpu,root-mutable-blocks,1024,encode,AllocateUniform,3072,1097.9,0,3072,1105.5,0
binding-profile-graphics-reused-only,graphics,wgpu,root-mutable-blocks,1024,encode,BindingData,1024,4631.7,0,1024,4683.5,0
binding-profile-graphics-reused-only,graphics,wgpu,root-mutable-blocks,1024,encode,BufferMapAsync,1,5.1,0,1,5.3,0
binding-profile-graphics-reused-only,graphics,wgpu,root-mutable-blocks,1024,encode,DeviceCreateBindGroup,3072,2119.4,11264,3072,2066.2,11264
binding-profile-graphics-reused-only,graphics,wgpu,root-mutable-blocks,1024,encode,DeviceCreateBuffer,2,361.7,8388608,2,369.6,8388608
binding-profile-graphics-reused-only,graphics,wgpu,root-mutable-blocks,1024,encode,InstanceWaitAny,1,653.0,0,1,661.9,0
binding-profile-graphics-reused-only,graphics,wgpu,root-mutable-blocks,1024,encode,MapPage,1,658.8,0,1,667.7,0
binding-profile-graphics-reused-only,graphics,wgpu,root-mutable-blocks,1024,encode,OrdinaryData,5120,1334.8,0,5120,1350.5,0
binding-profile-graphics-reused-only,graphics,wgpu,root-mutable-blocks,1024,encode,TrackResources,1024,141.4,0,1024,144.6,0
binding-profile-graphics-reused-only,graphics,wgpu,root-mutable-blocks,1024,finish,BufferUnmap,1,0.3,0,1,0.3,0
binding-profile-graphics-reused-only,graphics,wgpu,root-mutable-blocks,1024,finish,CommandEncoderCopyBufferToBuffer,1,1.1,1048576,1,1.1,1048576
binding-profile-graphics-reused-only,graphics,wgpu,root-mutable-blocks,1024,finish,CommandEncoderFinish,1,1.5,0,1,1.4,0
binding-profile-graphics-reused-only,graphics,wgpu,root-mutable-blocks,1024,finish,RenderPassEncoderDraw,1024,180.9,0,1024,181.2,0
binding-profile-graphics-reused-only,graphics,wgpu,root-mutable-blocks,1024,finish,RenderPassEncoderSetBindGroup,3072,505.8,0,3072,508.1,0
binding-profile-graphics-reused-only,graphics,wgpu,root-mutable-blocks,1024,retire,BindGroupRelease,3072,372.1,0,3072,377.2,0
binding-profile-graphics-reused-only,graphics,wgpu,root-mutable-blocks,1024,retire,BufferRelease,2,1.6,0,2,1.8,0
binding-profile-graphics-reused-only,graphics,wgpu,root-mutable-blocks,1024,submit,QueueSubmit,1,723.7,0,1,304.0,0
binding-profile-graphics-reused-only,graphics,wgpu,root-mutable-blocks,1024,wait,InstanceWaitAny,1,3.5,0,1,175.8,0
binding-profile-graphics-reused-only,graphics,wgpu,root-one-frozen-block,1024,encode,AllocateUniform,3072,1101.1,0,2048,1129.8,0
binding-profile-graphics-reused-only,graphics,wgpu,root-one-frozen-block,1024,encode,BindGroupAddRef,0,0.0,0,1024,26.8,0
binding-profile-graphics-reused-only,graphics,wgpu,root-one-frozen-block,1024,encode,BindingData,1024,4624.2,0,1024,3823.6,0
binding-profile-graphics-reused-only,graphics,wgpu,root-one-frozen-block,1024,encode,BufferMapAsync,1,5.1,0,1,5.2,0
binding-profile-graphics-reused-only,graphics,wgpu,root-one-frozen-block,1024,encode,DeviceCreateBindGroup,3072,2126.5,11264,2048,1444.6,6144
binding-profile-graphics-reused-only,graphics,wgpu,root-one-frozen-block,1024,encode,DeviceCreateBuffer,2,367.8,8388608,2,365.5,8388608
binding-profile-graphics-reused-only,graphics,wgpu,root-one-frozen-block,1024,encode,InstanceWaitAny,1,650.7,0,1,674.5,0
binding-profile-graphics-reused-only,graphics,wgpu,root-one-frozen-block,1024,encode,MapPage,1,656.5,0,1,680.1,0
binding-profile-graphics-reused-only,graphics,wgpu,root-one-frozen-block,1024,encode,OrdinaryData,5120,1338.4,0,4096,1313.2,0
binding-profile-graphics-reused-only,graphics,wgpu,root-one-frozen-block,1024,encode,TrackResources,1024,135.9,0,1024,107.0,0
binding-profile-graphics-reused-only,graphics,wgpu,root-one-frozen-block,1024,finish,BufferUnmap,1,0.3,0,1,0.3,0
binding-profile-graphics-reused-only,graphics,wgpu,root-one-frozen-block,1024,finish,CommandEncoderCopyBufferToBuffer,1,1.1,1048576,1,1.1,786432
binding-profile-graphics-reused-only,graphics,wgpu,root-one-frozen-block,1024,finish,CommandEncoderFinish,1,1.4,0,1,1.4,0
binding-profile-graphics-reused-only,graphics,wgpu,root-one-frozen-block,1024,finish,RenderPassEncoderDraw,1024,182.6,0,1024,181.4,0
binding-profile-graphics-reused-only,graphics,wgpu,root-one-frozen-block,1024,finish,RenderPassEncoderSetBindGroup,3072,505.8,0,3072,502.9,0
binding-profile-graphics-reused-only,graphics,wgpu,root-one-frozen-block,1024,retire,BindGroupRelease,3072,377.2,0,3072,272.1,0
binding-profile-graphics-reused-only,graphics,wgpu,root-one-frozen-block,1024,retire,BufferRelease,2,1.6,0,2,1.7,0
binding-profile-graphics-reused-only,graphics,wgpu,root-one-frozen-block,1024,submit,QueueSubmit,1,735.0,0,1,680.1,0
binding-profile-graphics-reused-only,graphics,wgpu,root-one-frozen-block,1024,wait,InstanceWaitAny,1,3.3,0,1,3.4,0
binding-profile-graphics-reused-only,graphics,wgpu,root-two-frozen-blocks,1024,encode,AllocateUniform,3072,1104.2,0,1024,1104.8,0
binding-profile-graphics-reused-only,graphics,wgpu,root-two-frozen-blocks,1024,encode,BindGroupAddRef,0,0.0,0,2048,54.6,0
binding-profile-graphics-reused-only,graphics,wgpu,root-two-frozen-blocks,1024,encode,BindingData,1024,4662.8,0,1024,2644.4,0
binding-profile-graphics-reused-only,graphics,wgpu,root-two-frozen-blocks,1024,encode,BufferMapAsync,1,5.2,0,1,5.1,0
binding-profile-graphics-reused-only,graphics,wgpu,root-two-frozen-blocks,1024,encode,DeviceCreateBindGroup,3072,2134.1,11264,1024,515.8,1024
binding-profile-graphics-reused-only,graphics,wgpu,root-two-frozen-blocks,1024,encode,DeviceCreateBuffer,2,363.3,8388608,2,370.9,8388608
binding-profile-graphics-reused-only,graphics,wgpu,root-two-frozen-blocks,1024,encode,InstanceWaitAny,1,652.7,0,1,677.7,0
binding-profile-graphics-reused-only,graphics,wgpu,root-two-frozen-blocks,1024,encode,MapPage,1,659.7,0,1,683.1,0
binding-profile-graphics-reused-only,graphics,wgpu,root-two-frozen-blocks,1024,encode,OrdinaryData,5120,1335.8,0,3072,1219.7,0
binding-profile-graphics-reused-only,graphics,wgpu,root-two-frozen-blocks,1024,encode,TrackResources,1024,136.4,0,1024,61.5,0
binding-profile-graphics-reused-only,graphics,wgpu,root-two-frozen-blocks,1024,finish,BufferUnmap,1,0.3,0,1,0.3,0
binding-profile-graphics-reused-only,graphics,wgpu,root-two-frozen-blocks,1024,finish,CommandEncoderCopyBufferToBuffer,1,1.1,1048576,1,1.1,524288
binding-profile-graphics-reused-only,graphics,wgpu,root-two-frozen-blocks,1024,finish,CommandEncoderFinish,1,1.5,0,1,1.5,0
binding-profile-graphics-reused-only,graphics,wgpu,root-two-frozen-blocks,1024,finish,RenderPassEncoderDraw,1024,181.9,0,1024,178.9,0
binding-profile-graphics-reused-only,graphics,wgpu,root-two-frozen-blocks,1024,finish,RenderPassEncoderSetBindGroup,3072,504.7,0,3072,504.6,0
binding-profile-graphics-reused-only,graphics,wgpu,root-two-frozen-blocks,1024,retire,BindGroupRelease,3072,375.0,0,3072,168.0,0
binding-profile-graphics-reused-only,graphics,wgpu,root-two-frozen-blocks,1024,retire,BufferRelease,2,1.6,0,2,1.6,0
binding-profile-graphics-reused-only,graphics,wgpu,root-two-frozen-blocks,1024,submit,QueueSubmit,1,751.0,0,1,648.9,0
binding-profile-graphics-reused-only,graphics,wgpu,root-two-frozen-blocks,1024,wait,InstanceWaitAny,1,3.5,0,1,3.3,0
binding-profile-graphics-reused-only,graphics,wgpu,rotate-frozen-roots,1024,encode,AllocateUniform,3072,1102.5,0,0,0.0,0
binding-profile-graphics-reused-only,graphics,wgpu,rotate-frozen-roots,1024,encode,BindingData,1024,4747.4,0,1024,110.2,0
binding-profile-graphics-reused-only,graphics,wgpu,rotate-frozen-roots,1024,encode,BufferMapAsync,1,5.2,0,0,0.0,0
binding-profile-graphics-reused-only,graphics,wgpu,rotate-frozen-roots,1024,encode,DeviceCreateBindGroup,3072,2176.0,11264,0,0.0,0
binding-profile-graphics-reused-only,graphics,wgpu,rotate-frozen-roots,1024,encode,DeviceCreateBuffer,2,366.3,8388608,0,0.0,0
binding-profile-graphics-reused-only,graphics,wgpu,rotate-frozen-roots,1024,encode,InstanceWaitAny,1,655.2,0,0,0.0,0
binding-profile-graphics-reused-only,graphics,wgpu,rotate-frozen-roots,1024,encode,MapPage,1,660.7,0,0,0.0,0
binding-profile-graphics-reused-only,graphics,wgpu,rotate-frozen-roots,1024,encode,OrdinaryData,5120,1361.6,0,0,0.0,0
binding-profile-graphics-reused-only,graphics,wgpu,rotate-frozen-roots,1024,encode,TrackResources,1024,174.3,0,0,0.0,0
binding-profile-graphics-reused-only,graphics,wgpu,rotate-frozen-roots,1024,finish,BufferUnmap,1,0.3,0,0,0.0,0
binding-profile-graphics-reused-only,graphics,wgpu,rotate-frozen-roots,1024,finish,CommandEncoderCopyBufferToBuffer,1,1.1,1048576,0,0.0,0
binding-profile-graphics-reused-only,graphics,wgpu,rotate-frozen-roots,1024,finish,CommandEncoderFinish,1,1.4,0,1,1.3,0
binding-profile-graphics-reused-only,graphics,wgpu,rotate-frozen-roots,1024,finish,RenderPassEncoderDraw,1024,183.1,0,1024,182.9,0
binding-profile-graphics-reused-only,graphics,wgpu,rotate-frozen-roots,1024,finish,RenderPassEncoderSetBindGroup,3072,508.9,0,3072,533.8,0
binding-profile-graphics-reused-only,graphics,wgpu,rotate-frozen-roots,1024,retire,BindGroupRelease,3072,370.7,0,0,0.0,0
binding-profile-graphics-reused-only,graphics,wgpu,rotate-frozen-roots,1024,retire,BufferRelease,2,1.7,0,0,0.0,0
binding-profile-graphics-reused-only,graphics,wgpu,rotate-frozen-roots,1024,submit,QueueSubmit,1,722.3,0,1,640.1,0
binding-profile-graphics-reused-only,graphics,wgpu,rotate-frozen-roots,1024,wait,InstanceWaitAny,1,3.6,0,1,3.2,0
binding-profile-graphics-reused-only,graphics,wgpu,rotate-mutable-roots,1024,encode,AllocateUniform,3072,1110.4,0,3072,1114.5,0
binding-profile-graphics-reused-only,graphics,wgpu,rotate-mutable-roots,1024,encode,BindingData,1024,4740.6,0,1024,4789.6,0
binding-profile-graphics-reused-only,graphics,wgpu,rotate-mutable-roots,1024,encode,BufferMapAsync,1,5.1,0,1,5.2,0
binding-profile-graphics-reused-only,graphics,wgpu,rotate-mutable-roots,1024,encode,DeviceCreateBindGroup,3072,2137.0,11264,3072,2115.0,11264
binding-profile-graphics-reused-only,graphics,wgpu,rotate-mutable-roots,1024,encode,DeviceCreateBuffer,2,368.1,8388608,2,359.9,8388608
binding-profile-graphics-reused-only,graphics,wgpu,rotate-mutable-roots,1024,encode,InstanceWaitAny,1,657.7,0,1,670.4,0
binding-profile-graphics-reused-only,graphics,wgpu,rotate-mutable-roots,1024,encode,MapPage,1,663.6,0,1,676.1,0
binding-profile-graphics-reused-only,graphics,wgpu,rotate-mutable-roots,1024,encode,OrdinaryData,5120,1381.3,0,5120,1386.5,0
binding-profile-graphics-reused-only,graphics,wgpu,rotate-mutable-roots,1024,encode,TrackResources,1024,173.7,0,1024,198.5,0
binding-profile-graphics-reused-only,graphics,wgpu,rotate-mutable-roots,1024,finish,BufferUnmap,1,0.3,0,1,0.3,0
binding-profile-graphics-reused-only,graphics,wgpu,rotate-mutable-roots,1024,finish,CommandEncoderCopyBufferToBuffer,1,1.1,1048576,1,1.1,1048576
binding-profile-graphics-reused-only,graphics,wgpu,rotate-mutable-roots,1024,finish,CommandEncoderFinish,1,1.4,0,1,1.4,0
binding-profile-graphics-reused-only,graphics,wgpu,rotate-mutable-roots,1024,finish,RenderPassEncoderDraw,1024,182.5,0,1024,180.8,0
binding-profile-graphics-reused-only,graphics,wgpu,rotate-mutable-roots,1024,finish,RenderPassEncoderSetBindGroup,3072,508.6,0,3072,511.9,0
binding-profile-graphics-reused-only,graphics,wgpu,rotate-mutable-roots,1024,retire,BindGroupRelease,3072,371.8,0,3072,369.9,0
binding-profile-graphics-reused-only,graphics,wgpu,rotate-mutable-roots,1024,retire,BufferRelease,2,1.7,0,2,1.7,0
binding-profile-graphics-reused-only,graphics,wgpu,rotate-mutable-roots,1024,submit,QueueSubmit,1,729.4,0,1,722.7,0
binding-profile-graphics-reused-only,graphics,wgpu,rotate-mutable-roots,1024,wait,InstanceWaitAny,1,3.4,0,1,3.5,0
binding-profile-graphics-reused-only,graphics,wgpu,static-frozen-root,1024,encode,AllocateUniform,3072,1098.5,0,0,0.0,0
binding-profile-graphics-reused-only,graphics,wgpu,static-frozen-root,1024,encode,BindingData,1024,4606.3,0,1024,65.7,0
binding-profile-graphics-reused-only,graphics,wgpu,static-frozen-root,1024,encode,BufferMapAsync,1,5.1,0,0,0.0,0
binding-profile-graphics-reused-only,graphics,wgpu,static-frozen-root,1024,encode,DeviceCreateBindGroup,3072,2118.8,11264,0,0.0,0
binding-profile-graphics-reused-only,graphics,wgpu,static-frozen-root,1024,encode,DeviceCreateBuffer,2,360.5,8388608,0,0.0,0
binding-profile-graphics-reused-only,graphics,wgpu,static-frozen-root,1024,encode,InstanceWaitAny,1,648.6,0,0,0.0,0
binding-profile-graphics-reused-only,graphics,wgpu,static-frozen-root,1024,encode,MapPage,1,654.3,0,0,0.0,0
binding-profile-graphics-reused-only,graphics,wgpu,static-frozen-root,1024,encode,OrdinaryData,5120,1336.7,0,0,0.0,0
binding-profile-graphics-reused-only,graphics,wgpu,static-frozen-root,1024,encode,TrackResources,1024,142.4,0,0,0.0,0
binding-profile-graphics-reused-only,graphics,wgpu,static-frozen-root,1024,finish,BufferUnmap,1,0.3,0,0,0.0,0
binding-profile-graphics-reused-only,graphics,wgpu,static-frozen-root,1024,finish,CommandEncoderCopyBufferToBuffer,1,1.1,1048576,0,0.0,0
binding-profile-graphics-reused-only,graphics,wgpu,static-frozen-root,1024,finish,CommandEncoderFinish,1,1.4,0,1,1.1,0
binding-profile-graphics-reused-only,graphics,wgpu,static-frozen-root,1024,finish,RenderPassEncoderDraw,1024,180.6,0,1024,65.1,0
binding-profile-graphics-reused-only,graphics,wgpu,static-frozen-root,1024,finish,RenderPassEncoderSetBindGroup,3072,503.9,0,3,1.6,0
binding-profile-graphics-reused-only,graphics,wgpu,static-frozen-root,1024,retire,BindGroupRelease,3072,371.0,0,0,0.0,0
binding-profile-graphics-reused-only,graphics,wgpu,static-frozen-root,1024,retire,BufferRelease,2,1.6,0,0,0.0,0
binding-profile-graphics-reused-only,graphics,wgpu,static-frozen-root,1024,submit,QueueSubmit,1,747.9,0,1,493.6,0
binding-profile-graphics-reused-only,graphics,wgpu,static-frozen-root,1024,wait,InstanceWaitAny,1,3.4,0,1,3.2,0
binding-profile-graphics-reused-only,graphics,wgpu,static-mutable,1024,encode,AllocateUniform,3072,1100.8,0,3072,1126.0,0
binding-profile-graphics-reused-only,graphics,wgpu,static-mutable,1024,encode,BindingData,1024,4615.8,0,1024,4815.8,0
binding-profile-graphics-reused-only,graphics,wgpu,static-mutable,1024,encode,BufferMapAsync,1,5.2,0,1,5.1,0
binding-profile-graphics-reused-only,graphics,wgpu,static-mutable,1024,encode,DeviceCreateBindGroup,3072,2138.6,11264,3072,2200.1,11264
binding-profile-graphics-reused-only,graphics,wgpu,static-mutable,1024,encode,DeviceCreateBuffer,2,364.6,8388608,2,360.2,8388608
binding-profile-graphics-reused-only,graphics,wgpu,static-mutable,1024,encode,InstanceWaitAny,1,648.1,0,1,686.4,0
binding-profile-graphics-reused-only,graphics,wgpu,static-mutable,1024,encode,MapPage,1,653.8,0,1,691.9,0
binding-profile-graphics-reused-only,graphics,wgpu,static-mutable,1024,encode,OrdinaryData,5120,1334.3,0,5120,1376.1,0
binding-profile-graphics-reused-only,graphics,wgpu,static-mutable,1024,encode,TrackResources,1024,137.2,0,1024,148.9,0
binding-profile-graphics-reused-only,graphics,wgpu,static-mutable,1024,finish,BufferUnmap,1,0.3,0,1,0.3,0
binding-profile-graphics-reused-only,graphics,wgpu,static-mutable,1024,finish,CommandEncoderCopyBufferToBuffer,1,1.1,1048576,1,1.1,1048576
binding-profile-graphics-reused-only,graphics,wgpu,static-mutable,1024,finish,CommandEncoderFinish,1,1.4,0,1,1.4,0
binding-profile-graphics-reused-only,graphics,wgpu,static-mutable,1024,finish,RenderPassEncoderDraw,1024,182.7,0,1024,179.7,0
binding-profile-graphics-reused-only,graphics,wgpu,static-mutable,1024,finish,RenderPassEncoderSetBindGroup,3072,509.4,0,3072,508.4,0
binding-profile-graphics-reused-only,graphics,wgpu,static-mutable,1024,retire,BindGroupRelease,3072,375.4,0,3072,372.0,0
binding-profile-graphics-reused-only,graphics,wgpu,static-mutable,1024,retire,BufferRelease,2,1.6,0,2,1.6,0
binding-profile-graphics-reused-only,graphics,wgpu,static-mutable,1024,submit,QueueSubmit,1,730.1,0,1,776.8,0
binding-profile-graphics-reused-only,graphics,wgpu,static-mutable,1024,wait,InstanceWaitAny,1,3.4,0,1,3.4,0
binding-profile-graphics-reused-only,graphics,wgpu,swap-frozen-blocks,1024,encode,AllocateUniform,3072,1101.2,0,1024,1079.2,0
binding-profile-graphics-reused-only,graphics,wgpu,swap-frozen-blocks,1024,encode,BindGroupAddRef,0,0.0,0,2048,60.9,0
binding-profile-graphics-reused-only,graphics,wgpu,swap-frozen-blocks,1024,encode,BindingData,1024,4682.6,0,1024,2753.3,0
binding-profile-graphics-reused-only,graphics,wgpu,swap-frozen-blocks,1024,encode,BufferMapAsync,1,5.2,0,1,5.3,0
binding-profile-graphics-reused-only,graphics,wgpu,swap-frozen-blocks,1024,encode,DeviceCreateBindGroup,3072,2174.5,11264,1024,521.8,1024
binding-profile-graphics-reused-only,graphics,wgpu,swap-frozen-blocks,1024,encode,DeviceCreateBuffer,2,364.4,8388608,2,374.2,8388608
binding-profile-graphics-reused-only,graphics,wgpu,swap-frozen-blocks,1024,encode,InstanceWaitAny,1,650.7,0,1,672.4,0
binding-profile-graphics-reused-only,graphics,wgpu,swap-frozen-blocks,1024,encode,MapPage,1,656.3,0,1,678.5,0
binding-profile-graphics-reused-only,graphics,wgpu,swap-frozen-blocks,1024,encode,OrdinaryData,5120,1349.5,0,3072,1190.9,0
binding-profile-graphics-reused-only,graphics,wgpu,swap-frozen-blocks,1024,encode,TrackResources,1024,144.9,0,1024,118.4,0
binding-profile-graphics-reused-only,graphics,wgpu,swap-frozen-blocks,1024,finish,BufferUnmap,1,0.3,0,1,0.3,0
binding-profile-graphics-reused-only,graphics,wgpu,swap-frozen-blocks,1024,finish,CommandEncoderCopyBufferToBuffer,1,1.1,1048576,1,1.1,524288
binding-profile-graphics-reused-only,graphics,wgpu,swap-frozen-blocks,1024,finish,CommandEncoderFinish,1,1.4,0,1,1.5,0
binding-profile-graphics-reused-only,graphics,wgpu,swap-frozen-blocks,1024,finish,RenderPassEncoderDraw,1024,182.3,0,1024,180.2,0
binding-profile-graphics-reused-only,graphics,wgpu,swap-frozen-blocks,1024,finish,RenderPassEncoderSetBindGroup,3072,510.9,0,3072,517.5,0
binding-profile-graphics-reused-only,graphics,wgpu,swap-frozen-blocks,1024,retire,BindGroupRelease,3072,375.5,0,3072,168.7,0
binding-profile-graphics-reused-only,graphics,wgpu,swap-frozen-blocks,1024,retire,BufferRelease,2,1.6,0,2,1.6,0
binding-profile-graphics-reused-only,graphics,wgpu,swap-frozen-blocks,1024,submit,QueueSubmit,1,739.6,0,1,729.4,0
binding-profile-graphics-reused-only,graphics,wgpu,swap-frozen-blocks,1024,wait,InstanceWaitAny,1,3.5,0,1,3.3,0
binding-profile-graphics-reused-only,graphics,wgpu,swap-mutable-blocks,1024,encode,AllocateUniform,3072,1108.5,0,3072,1135.2,0
binding-profile-graphics-reused-only,graphics,wgpu,swap-mutable-blocks,1024,encode,BindingData,1024,4681.3,0,1024,4967.4,0
binding-profile-graphics-reused-only,graphics,wgpu,swap-mutable-blocks,1024,encode,BufferMapAsync,1,5.2,0,1,5.2,0
binding-profile-graphics-reused-only,graphics,wgpu,swap-mutable-blocks,1024,encode,DeviceCreateBindGroup,3072,2147.6,11264,3072,2289.3,11264
binding-profile-graphics-reused-only,graphics,wgpu,swap-mutable-blocks,1024,encode,DeviceCreateBuffer,2,367.0,8388608,2,369.0,8388608
binding-profile-graphics-reused-only,graphics,wgpu,swap-mutable-blocks,1024,encode,InstanceWaitAny,1,653.5,0,1,675.7,0
binding-profile-graphics-reused-only,graphics,wgpu,swap-mutable-blocks,1024,encode,MapPage,1,659.2,0,1,681.2,0
binding-profile-graphics-reused-only,graphics,wgpu,swap-mutable-blocks,1024,encode,OrdinaryData,5120,1359.7,0,5120,1385.4,0
binding-profile-graphics-reused-only,graphics,wgpu,swap-mutable-blocks,1024,encode,TrackResources,1024,148.3,0,1024,165.7,0
binding-profile-graphics-reused-only,graphics,wgpu,swap-mutable-blocks,1024,finish,BufferUnmap,1,0.3,0,1,0.3,0
binding-profile-graphics-reused-only,graphics,wgpu,swap-mutable-blocks,1024,finish,CommandEncoderCopyBufferToBuffer,1,1.2,1048576,1,1.2,1048576
binding-profile-graphics-reused-only,graphics,wgpu,swap-mutable-blocks,1024,finish,CommandEncoderFinish,1,1.5,0,1,1.6,0
binding-profile-graphics-reused-only,graphics,wgpu,swap-mutable-blocks,1024,finish,RenderPassEncoderDraw,1024,183.5,0,1024,181.2,0
binding-profile-graphics-reused-only,graphics,wgpu,swap-mutable-blocks,1024,finish,RenderPassEncoderSetBindGroup,3072,513.9,0,3072,511.3,0
binding-profile-graphics-reused-only,graphics,wgpu,swap-mutable-blocks,1024,retire,BindGroupRelease,3072,372.2,0,3072,372.7,0
binding-profile-graphics-reused-only,graphics,wgpu,swap-mutable-blocks,1024,retire,BufferRelease,2,1.7,0,2,1.8,0
binding-profile-graphics-reused-only,graphics,wgpu,swap-mutable-blocks,1024,submit,QueueSubmit,1,740.7,0,1,805.2,0
binding-profile-graphics-reused-only,graphics,wgpu,swap-mutable-blocks,1024,wait,InstanceWaitAny,1,3.5,0,1,3.5,0
binding-profile-small-compute-mode-2,compute,wgpu,root-mutable-blocks,64,encode,AllocateUniform,192,16512.5,0,192,17385.9,0
binding-profile-small-compute-mode-2,compute,wgpu,root-mutable-blocks,64,encode,BindingData,64,20171.9,0,64,21195.3,0
binding-profile-small-compute-mode-2,compute,wgpu,root-mutable-blocks,64,encode,BufferMapAsync,1,82.8,0,1,84.4,0
binding-profile-small-compute-mode-2,compute,wgpu,root-mutable-blocks,64,encode,DeviceCreateBindGroup,192,2234.4,768,192,2248.4,768
binding-profile-small-compute-mode-2,compute,wgpu,root-mutable-blocks,64,encode,DeviceCreateBuffer,2,5782.8,8388608,2,5875.0,8388608
binding-profile-small-compute-mode-2,compute,wgpu,root-mutable-blocks,64,encode,InstanceWaitAny,1,10573.4,0,1,10426.6,0
binding-profile-small-compute-mode-2,compute,wgpu,root-mutable-blocks,64,encode,MapPage,1,10664.1,0,1,10517.2,0
binding-profile-small-compute-mode-2,compute,wgpu,root-mutable-blocks,64,encode,OrdinaryData,256,16742.2,0,256,17634.4,0
binding-profile-small-compute-mode-2,compute,wgpu,root-mutable-blocks,64,encode,TrackResources,64,156.2,0,64,173.4,0
binding-profile-small-compute-mode-2,compute,wgpu,root-mutable-blocks,64,finish,BufferUnmap,1,4.7,0,1,4.7,0
binding-profile-small-compute-mode-2,compute,wgpu,root-mutable-blocks,64,finish,CommandEncoderCopyBufferToBuffer,2,23.4,65540,2,23.4,65540
binding-profile-small-compute-mode-2,compute,wgpu,root-mutable-blocks,64,finish,CommandEncoderFinish,1,34.4,0,1,35.9,0
binding-profile-small-compute-mode-2,compute,wgpu,root-mutable-blocks,64,finish,ComputePassEncoderDispatchWorkgroups,64,1046.9,0,64,1075.0,0
binding-profile-small-compute-mode-2,compute,wgpu,root-mutable-blocks,64,finish,ComputePassEncoderSetBindGroup,192,495.3,0,192,501.6,0
binding-profile-small-compute-mode-2,compute,wgpu,root-mutable-blocks,64,retire,BindGroupRelease,192,437.5,0,192,446.9,0
binding-profile-small-compute-mode-2,compute,wgpu,root-mutable-blocks,64,retire,BufferRelease,2,23.4,0,2,23.4,0
binding-profile-small-compute-mode-2,compute,wgpu,root-mutable-blocks,64,setup,BufferMapAsync,1,7.8,0,1,7.8,0
binding-profile-small-compute-mode-2,compute,wgpu,root-mutable-blocks,64,setup,BufferUnmap,1,1.6,0,1,1.6,0
binding-profile-small-compute-mode-2,compute,wgpu,root-mutable-blocks,64,setup,InstanceWaitAny,1,6.2,0,1,7.8,0
binding-profile-small-compute-mode-2,compute,wgpu,root-mutable-blocks,64,submit,QueueSubmit,1,9570.3,0,1,10025.0,0
binding-profile-small-compute-mode-2,compute,wgpu,root-mutable-blocks,64,wait,InstanceWaitAny,1,48.4,0,1,51.6,0
binding-profile-small-compute-mode-4,compute,wgpu,root-two-frozen-blocks,64,encode,AllocateUniform,192,16756.2,0,64,17382.8,0
binding-profile-small-compute-mode-4,compute,wgpu,root-two-frozen-blocks,64,encode,BindGroupAddRef,0,0.0,0,128,56.2,0
binding-profile-small-compute-mode-4,compute,wgpu,root-two-frozen-blocks,64,encode,BindingData,64,20448.4,0,64,19092.2,0
binding-profile-small-compute-mode-4,compute,wgpu,root-two-frozen-blocks,64,encode,BufferMapAsync,1,82.8,0,1,84.4,0
binding-profile-small-compute-mode-4,compute,wgpu,root-two-frozen-blocks,64,encode,DeviceCreateBindGroup,192,2243.8,768,64,639.1,128
binding-profile-small-compute-mode-4,compute,wgpu,root-two-frozen-blocks,64,encode,DeviceCreateBuffer,2,5845.3,8388608,2,6004.7,8388608
binding-profile-small-compute-mode-4,compute,wgpu,root-two-frozen-blocks,64,encode,InstanceWaitAny,1,10731.2,0,1,10831.2,0
binding-profile-small-compute-mode-4,compute,wgpu,root-two-frozen-blocks,64,encode,MapPage,1,10821.9,0,1,10920.3,0
binding-profile-small-compute-mode-4,compute,wgpu,root-two-frozen-blocks,64,encode,OrdinaryData,256,16992.2,0,128,17485.9,0
binding-profile-small-compute-mode-4,compute,wgpu,root-two-frozen-blocks,64,encode,TrackResources,64,157.8,0,64,82.8,0
binding-profile-small-compute-mode-4,compute,wgpu,root-two-frozen-blocks,64,finish,BufferUnmap,1,4.7,0,1,4.7,0
binding-profile-small-compute-mode-4,compute,wgpu,root-two-frozen-blocks,64,finish,CommandEncoderCopyBufferToBuffer,2,23.4,65540,2,21.9,32772
binding-profile-small-compute-mode-4,compute,wgpu,root-two-frozen-blocks,64,finish,CommandEncoderFinish,1,34.4,0,1,34.4,0
binding-profile-small-compute-mode-4,compute,wgpu,root-two-frozen-blocks,64,finish,ComputePassEncoderDispatchWorkgroups,64,1060.9,0,64,1095.3,0
binding-profile-small-compute-mode-4,compute,wgpu,root-two-frozen-blocks,64,finish,ComputePassEncoderSetBindGroup,192,490.6,0,192,496.9,0
binding-profile-small-compute-mode-4,compute,wgpu,root-two-frozen-blocks,64,retire,BindGroupRelease,192,470.3,0,192,212.5,0
binding-profile-small-compute-mode-4,compute,wgpu,root-two-frozen-blocks,64,retire,BufferRelease,2,23.4,0,2,23.4,0
binding-profile-small-compute-mode-4,compute,wgpu,root-two-frozen-blocks,64,setup,BufferMapAsync,1,7.8,0,1,9.4,0
binding-profile-small-compute-mode-4,compute,wgpu,root-two-frozen-blocks,64,setup,BufferUnmap,1,1.6,0,1,1.6,0
binding-profile-small-compute-mode-4,compute,wgpu,root-two-frozen-blocks,64,setup,InstanceWaitAny,1,7.8,0,1,7.8,0
binding-profile-small-compute-mode-4,compute,wgpu,root-two-frozen-blocks,64,submit,QueueSubmit,1,9262.5,0,1,9260.9,0
binding-profile-small-compute-mode-4,compute,wgpu,root-two-frozen-blocks,64,wait,InstanceWaitAny,1,50.0,0,1,50.0,0
binding-profile-small-graphics-mode-2,graphics,wgpu,root-mutable-blocks,64,encode,AllocateUniform,192,16987.5,0,192,17232.8,0
binding-profile-small-graphics-mode-2,graphics,wgpu,root-mutable-blocks,64,encode,BindingData,64,20648.4,0,64,20918.8,0
binding-profile-small-graphics-mode-2,graphics,wgpu,root-mutable-blocks,64,encode,BufferMapAsync,1,84.4,0,1,84.4,0
binding-profile-small-graphics-mode-2,graphics,wgpu,root-mutable-blocks,64,encode,DeviceCreateBindGroup,192,2142.2,704,192,2107.8,704
binding-profile-small-graphics-mode-2,graphics,wgpu,root-mutable-blocks,64,encode,DeviceCreateBuffer,2,5932.8,8388608,2,5815.6,8388608
binding-profile-small-graphics-mode-2,graphics,wgpu,root-mutable-blocks,64,encode,InstanceWaitAny,1,10767.2,0,1,10728.1,0
binding-profile-small-graphics-mode-2,graphics,wgpu,root-mutable-blocks,64,encode,MapPage,1,10856.2,0,1,10818.8,0
binding-profile-small-graphics-mode-2,graphics,wgpu,root-mutable-blocks,64,encode,OrdinaryData,320,17223.4,0,320,17489.1,0
binding-profile-small-graphics-mode-2,graphics,wgpu,root-mutable-blocks,64,encode,TrackResources,64,148.4,0,64,157.8,0
binding-profile-small-graphics-mode-2,graphics,wgpu,root-mutable-blocks,64,finish,BufferUnmap,1,4.7,0,1,4.7,0
binding-profile-small-graphics-mode-2,graphics,wgpu,root-mutable-blocks,64,finish,CommandEncoderCopyBufferToBuffer,1,34.4,65536,1,17.2,65536
binding-profile-small-graphics-mode-2,graphics,wgpu,root-mutable-blocks,64,finish,CommandEncoderFinish,1,21.9,0,1,20.3,0
binding-profile-small-graphics-mode-2,graphics,wgpu,root-mutable-blocks,64,finish,RenderPassEncoderDraw,64,193.8,0,64,193.8,0
binding-profile-small-graphics-mode-2,graphics,wgpu,root-mutable-blocks,64,finish,RenderPassEncoderSetBindGroup,192,539.1,0,192,535.9,0
binding-profile-small-graphics-mode-2,graphics,wgpu,root-mutable-blocks,64,retire,BindGroupRelease,192,429.7,0,192,437.5,0
binding-profile-small-graphics-mode-2,graphics,wgpu,root-mutable-blocks,64,retire,BufferRelease,2,23.4,0,2,23.4,0
binding-profile-small-graphics-mode-2,graphics,wgpu,root-mutable-blocks,64,submit,QueueSubmit,1,7014.1,0,1,7165.6,0
binding-profile-small-graphics-mode-2,graphics,wgpu,root-mutable-blocks,64,wait,InstanceWaitAny,1,51.6,0,1,53.1,0
binding-profile-small-graphics-mode-4,graphics,wgpu,root-two-frozen-blocks,64,encode,AllocateUniform,192,16937.5,0,64,18428.1,0
binding-profile-small-graphics-mode-4,graphics,wgpu,root-two-frozen-blocks,64,encode,BindGroupAddRef,0,0.0,0,128,59.4,0
binding-profile-small-graphics-mode-4,graphics,wgpu,root-two-frozen-blocks,64,encode,BindingData,64,20537.5,0,64,20482.8,0
binding-profile-small-graphics-mode-4,graphics,wgpu,root-two-frozen-blocks,64,encode,BufferMapAsync,1,82.8,0,1,87.5,0
binding-profile-small-graphics-mode-4,graphics,wgpu,root-two-frozen-blocks,64,encode,DeviceCreateBindGroup,192,2135.9,704,64,551.6,64
binding-profile-small-graphics-mode-4,graphics,wgpu,root-two-frozen-blocks,64,encode,DeviceCreateBuffer,2,5764.1,8388608,2,6046.9,8388608
binding-profile-small-graphics-mode-4,graphics,wgpu,root-two-frozen-blocks,64,encode,InstanceWaitAny,1,10934.4,0,1,10559.4,0
binding-profile-small-graphics-mode-4,graphics,wgpu,root-two-frozen-blocks,64,encode,MapPage,1,11025.0,0,1,10664.1,0
binding-profile-small-graphics-mode-4,graphics,wgpu,root-two-frozen-blocks,64,encode,OrdinaryData,320,17190.6,0,192,18573.4,0
binding-profile-small-graphics-mode-4,graphics,wgpu,root-two-frozen-blocks,64,encode,TrackResources,64,146.9,0,64,73.4,0
binding-profile-small-graphics-mode-4,graphics,wgpu,root-two-frozen-blocks,64,finish,BufferUnmap,1,4.7,0,1,4.7,0
binding-profile-small-graphics-mode-4,graphics,wgpu,root-two-frozen-blocks,64,finish,CommandEncoderCopyBufferToBuffer,1,35.9,65536,1,17.2,32768
binding-profile-small-graphics-mode-4,graphics,wgpu,root-two-frozen-blocks,64,finish,CommandEncoderFinish,1,20.3,0,1,21.9,0
binding-profile-small-graphics-mode-4,graphics,wgpu,root-two-frozen-blocks,64,finish,RenderPassEncoderDraw,64,198.4,0,64,198.4,0
binding-profile-small-graphics-mode-4,graphics,wgpu,root-two-frozen-blocks,64,finish,RenderPassEncoderSetBindGroup,192,542.2,0,192,545.3,0
binding-profile-small-graphics-mode-4,graphics,wgpu,root-two-frozen-blocks,64,retire,BindGroupRelease,192,426.6,0,192,209.4,0
binding-profile-small-graphics-mode-4,graphics,wgpu,root-two-frozen-blocks,64,retire,BufferRelease,2,23.4,0,2,23.4,0
binding-profile-small-graphics-mode-4,graphics,wgpu,root-two-frozen-blocks,64,submit,QueueSubmit,1,7021.9,0,1,7082.8,0
binding-profile-small-graphics-mode-4,graphics,wgpu,root-two-frozen-blocks,64,wait,InstanceWaitAny,1,51.6,0,1,50.0,0
