series,workload,backend,mode,count,before_setup_ns,after_setup_ns,setup_speedup,before_encode_ns,before_encode_run_min_ns,before_encode_run_max_ns,after_encode_ns,after_encode_run_min_ns,after_encode_run_max_ns,encode_speedup,before_finish_ns,after_finish_ns,finish_speedup,before_submit_ns,after_submit_ns,submit_speedup,before_retire_ns,after_retire_ns,retire_speedup,before_cpu_ns,before_cpu_run_min_ns,before_cpu_run_max_ns,after_cpu_ns,after_cpu_run_min_ns,after_cpu_run_max_ns,cpu_speedup,before_wall_ns,after_wall_ns,wall_speedup,before_gpu_ns,before_gpu_run_min_ns,before_gpu_run_max_ns,after_gpu_ns,after_gpu_run_min_ns,after_gpu_run_max_ns,gpu_speedup
main-1024,compute,cpu,bulk-root-two-frozen-blocks,1024,4.9,5.9,0.831,772.9,744.9,810.2,646.4,626.8,656.8,1.196,12.5,10.4,1.202,20.0,15.8,1.266,65.1,30.9,2.107,876.2,838.2,938.3,709.8,689.1,734.4,1.234,876.3,709.8,1.235,19.7,19.6,20.6,15.6,15.4,15.9,1.263
main-1024,compute,cpu,fresh-frozen-blocks,1024,5.4,6.8,0.794,5960.1,5823.7,6036.3,10583.5,10355.4,11471.4,0.563,13.5,36.8,0.367,20.6,61.0,0.338,68.8,1486.3,0.046,6065.8,5919.1,6164.5,12617.3,12091.8,13285.4,0.481,6065.8,12617.7,0.481,20.4,19.8,21.3,60.7,60.1,64.7,0.336
main-1024,compute,cpu,fresh-mutable-blocks,1024,5.0,6.2,0.806,5877.2,5813.5,6061.8,6479.0,6263.0,6550.3,0.907,13.5,14.5,0.931,21.3,21.8,0.977,67.4,72.0,0.936,5982.9,5908.9,6237.1,6616.1,6372.3,6678.2,0.904,5982.9,6616.1,0.904,21.2,19.9,22.9,21.4,21.3,24.6,0.991
main-1024,compute,cpu,mutate-blocks,1024,4.7,6.1,0.77,3862.3,3740.5,3924.3,4032.8,3926.2,4226.0,0.958,12.7,14.3,0.888,19.9,20.2,0.985,65.6,66.5,0.986,3968.2,3842.0,4035.3,4139.4,4030.3,4365.5,0.959,3968.3,4139.5,0.959,19.7,19.4,20.5,20.0,19.7,20.6,0.985
main-1024,compute,cpu,root-mutable-blocks,1024,4.8,5.9,0.814,555.0,550.3,635.2,607.6,586.3,628.5,0.913,12.9,13.3,0.97,20.3,20.1,1.01,64.4,65.8,0.979,666.4,643.0,748.1,713.8,690.6,769.4,0.934,666.5,713.9,0.934,20.1,19.7,20.3,20.0,19.8,20.6,1.005
main-1024,compute,cpu,root-one-frozen-block,1024,5.1,5.9,0.864,574.9,556.7,636.5,514.6,506.9,527.9,1.117,12.6,13.1,0.962,19.9,19.2,1.036,64.4,47.5,1.356,676.9,650.8,747.2,600.7,591.9,633.4,1.127,677.0,600.7,1.127,19.8,19.6,20.3,18.9,18.7,19.6,1.048
main-1024,compute,cpu,root-two-frozen-blocks,1024,4.9,6.1,0.803,571.8,554.4,624.4,461.8,450.5,491.9,1.238,12.7,10.3,1.233,20.3,16.1,1.261,58.4,31.2,1.872,673.0,647.9,735.4,526.9,513.6,574.8,1.277,673.1,527.0,1.277,20.0,19.6,20.2,15.9,15.4,16.0,1.258
main-1024,compute,cpu,rotate-frozen-roots,1024,4.9,5.9,0.831,494.1,467.1,570.3,174.5,174.2,195.3,2.832,13.2,6.6,2.0,20.5,33.0,0.621,63.5,14.9,4.262,593.8,564.3,695.8,237.3,232.8,262.2,2.502,593.8,237.3,2.502,20.3,19.7,20.4,32.8,32.5,34.8,0.619
main-1024,compute,cpu,rotate-mutable-roots,1024,5.3,10.4,0.51,511.0,477.2,566.2,549.1,543.0,594.9,0.931,13.3,13.5,0.985,20.3,20.1,1.01,64.6,66.5,0.971,613.3,572.4,682.6,662.4,652.9,741.6,0.926,613.3,662.5,0.926,20.1,19.7,20.2,19.9,19.7,20.6,1.01
main-1024,compute,cpu,static-frozen-root,1024,4.8,5.9,0.814,438.6,402.4,477.0,137.9,135.6,144.1,3.181,12.7,6.9,1.841,20.0,14.6,1.37,64.6,13.2,4.894,539.6,496.9,593.8,182.2,177.0,184.1,2.962,539.6,182.2,2.962,19.8,19.4,20.3,14.5,14.4,14.5,1.366
main-1024,compute,cpu,static-mutable,1024,4.9,6.0,0.817,419.1,410.5,478.8,450.1,443.5,485.2,0.931,12.4,12.3,1.008,19.8,20.0,0.99,64.3,65.0,0.989,522.7,503.9,607.3,552.1,545.0,619.5,0.947,522.8,552.1,0.947,19.8,19.4,20.1,19.7,19.6,20.3,1.005
main-1024,compute,cpu,swap-frozen-blocks,1024,4.7,6.5,0.723,848.6,805.5,915.5,827.7,816.7,868.2,1.025,13.3,11.1,1.198,20.0,24.3,0.823,65.5,35.4,1.85,952.6,902.4,1049.8,911.4,892.7,958.6,1.045,952.7,911.5,1.045,19.8,19.7,20.4,24.1,24.1,26.0,0.822
main-1024,compute,cpu,swap-mutable-blocks,1024,4.8,6.2,0.774,837.3,820.9,932.8,870.5,869.7,948.1,0.962,12.8,13.0,0.985,19.9,19.9,1.0,65.6,65.7,0.998,945.0,922.1,1044.7,978.3,976.3,1084.3,0.966,945.0,978.4,0.966,19.7,19.6,20.3,19.7,19.6,20.4,1.0
main-1024,compute,cuda,bulk-root-two-frozen-blocks,1024,1.3,2.1,0.619,897.0,887.5,897.3,666.1,657.3,666.9,1.347,8.2,8.6,0.953,4812.5,5856.0,0.822,0.4,0.7,0.571,5728.5,5709.4,5748.7,6526.7,5146.9,6559.7,0.878,6357.1,7787.2,0.816,5043.9,4595.7,5258.8,6893.6,6687.5,6907.2,0.732
main-1024,compute,cuda,fresh-frozen-blocks,1024,1.4,1.8,0.778,5860.6,5858.2,5896.9,85775.6,76827.1,85822.9,0.068,7.9,10.1,0.782,4805.6,5800.4,0.828,0.5,1.2,0.417,10709.1,10682.5,10713.0,91613.7,81362.6,91905.2,0.117,11219.0,94748.1,0.118,4889.6,4862.3,5207.0,7257.8,6979.5,7332.0,0.674
main-1024,compute,cuda,fresh-mutable-blocks,1024,1.3,1.7,0.765,5849.5,5823.4,5852.8,6350.6,6323.2,6443.6,0.921,7.8,8.2,0.951,4812.7,5888.4,0.817,0.5,0.7,0.714,10669.7,10652.4,10679.3,12320.9,11057.8,12348.5,0.866,11389.4,14059.9,0.81,5164.1,4827.1,5456.1,7201.2,6792.0,7311.5,0.717
main-1024,compute,cuda,mutate-blocks,1024,1.3,2.1,0.619,3797.0,3753.5,3797.2,4001.6,3989.4,4028.6,0.949,7.8,8.6,0.907,4825.1,5944.8,0.812,0.5,0.6,0.833,8605.5,8576.2,8639.6,9880.6,8689.6,10053.9,0.871,9163.3,11717.2,0.782,4884.8,4646.5,5330.1,7186.5,7000.0,7310.5,0.68
main-1024,compute,cuda,root-mutable-blocks,1024,1.3,1.9,0.684,702.4,699.6,704.8,758.8,748.5,759.0,0.926,8.1,8.6,0.942,4818.1,6009.1,0.802,0.5,0.6,0.833,5524.9,5521.7,5539.1,6785.8,5438.4,6898.6,0.814,6102.4,8455.8,0.722,4987.3,4686.5,5062.5,7269.5,6714.8,7307.6,0.686
main-1024,compute,cuda,root-one-frozen-block,1024,1.3,1.9,0.684,703.3,700.6,703.4,641.7,629.4,643.5,1.096,8.2,8.5,0.965,4811.7,5877.0,0.819,0.4,0.6,0.667,5518.1,5509.8,5523.8,6529.0,5261.0,6599.0,0.845,6002.3,8178.5,0.734,4884.8,4563.5,5006.8,7189.5,6742.2,7267.6,0.679
main-1024,compute,cuda,root-two-frozen-blocks,1024,1.3,3.0,0.433,705.6,703.5,707.6,477.3,476.4,486.7,1.478,8.1,8.5,0.953,4812.1,5835.9,0.825,0.4,0.6,0.667,5531.7,5507.5,5547.1,6333.5,4944.1,6360.5,0.873,6129.6,7643.1,0.802,5011.7,4741.2,5017.6,6938.5,6825.2,6978.5,0.722
main-1024,compute,cuda,rotate-frozen-roots,1024,1.3,2.0,0.65,567.3,567.2,568.7,150.9,149.4,153.1,3.759,8.2,8.5,0.965,4824.5,5765.4,0.837,0.5,0.6,0.833,5394.9,5378.2,5399.0,5924.7,4551.9,5986.4,0.911,6029.6,7359.5,0.819,5066.4,4876.0,5077.1,7075.2,7072.3,7313.5,0.716
main-1024,compute,cuda,rotate-mutable-roots,1024,1.4,3.1,0.452,570.0,558.6,572.7,687.9,681.7,696.4,0.829,7.5,8.5,0.882,4813.4,5929.5,0.812,0.4,0.6,0.667,5391.8,5390.7,5403.7,6614.6,5349.8,6624.9,0.815,5645.6,8094.5,0.697,4664.1,4586.9,5384.8,6984.4,6684.6,7133.8,0.668
main-1024,compute,cuda,static-frozen-root,1024,1.3,1.7,0.765,537.0,529.9,539.1,113.2,111.0,113.3,4.744,8.1,8.5,0.953,4819.1,5564.8,0.866,0.5,0.6,0.833,5360.7,5359.4,5409.9,5687.6,4498.1,5872.5,0.943,5743.8,7150.2,0.803,4768.6,4618.2,4967.8,6924.8,6708.0,6983.4,0.689
main-1024,compute,cuda,static-mutable,1024,1.3,2.1,0.619,536.1,530.2,537.8,581.2,578.4,585.2,0.922,8.1,8.6,0.942,4823.2,5985.4,0.806,0.5,0.6,0.833,5373.6,5348.3,5380.3,6573.0,5286.9,6728.9,0.818,5744.6,8218.1,0.699,4801.8,4621.1,5043.0,7182.6,6929.7,7363.3,0.669
main-1024,compute,cuda,swap-frozen-blocks,1024,1.4,1.8,0.778,950.5,943.2,951.3,830.4,823.4,834.8,1.145,8.2,8.5,0.965,4791.4,5787.3,0.828,0.4,0.7,0.571,5752.0,5741.1,5788.0,6627.3,5307.8,6759.8,0.868,6493.5,8025.6,0.809,5141.6,5076.2,5315.4,6971.7,6969.7,6987.3,0.737
main-1024,compute,cuda,swap-mutable-blocks,1024,1.4,1.8,0.778,948.3,947.6,964.4,1034.0,1026.0,1038.7,0.917,7.5,8.5,0.882,4780.5,5932.9,0.806,0.4,0.7,0.571,5755.8,5754.4,5794.5,6986.9,5678.2,7192.1,0.824,6437.4,8527.3,0.755,5038.1,4647.5,5207.0,7056.6,6683.6,7279.3,0.714
main-1024,compute,d3d11,bulk-root-two-frozen-blocks,1024,10.4,14.0,0.743,1248.1,1230.8,1283.8,1134.1,1099.5,1135.3,1.101,56.4,66.2,0.852,177.5,200.0,0.887,125.3,154.8,0.809,1645.1,1548.7,1653.0,1571.9,1554.6,1592.7,1.047,16154.5,16246.6,0.994,5197.0,5070.0,5210.1,4434.4,4432.5,4546.0,1.172
main-1024,compute,d3d11,fresh-frozen-blocks,1024,9.6,12.8,0.75,6334.2,6301.1,6460.4,19476.4,19433.7,19846.5,0.325,16.8,91.1,0.184,128.2,317.9,0.403,124.8,3317.5,0.038,6614.2,6575.3,6726.5,23443.6,23027.7,23494.9,0.282,16191.0,35719.3,0.453,5195.9,5070.2,5199.2,6348.9,6245.8,6367.8,0.818
main-1024,compute,d3d11,fresh-mutable-blocks,1024,11.4,12.3,0.927,6392.3,6274.7,6493.0,6821.0,6745.5,6841.1,0.937,16.7,19.9,0.839,127.1,123.3,1.031,141.6,162.5,0.871,6687.5,6589.8,6824.6,7135.1,7037.9,7176.3,0.937,16122.8,16138.2,0.999,5190.0,5072.6,5196.0,6264.0,6212.3,6317.4,0.829
main-1024,compute,d3d11,mutate-blocks,1024,9.6,12.7,0.756,4233.4,4228.0,4330.4,4451.1,4421.2,4487.5,0.951,16.9,28.9,0.585,135.4,135.8,0.997,138.0,165.2,0.835,4542.6,4507.9,4618.2,4789.4,4703.5,4791.2,0.948,16153.6,16125.6,1.002,5091.0,5062.7,5192.0,6216.0,6202.0,6310.5,0.819
main-1024,compute,d3d11,root-mutable-blocks,1024,10.4,14.8,0.703,1073.7,1072.7,1143.3,1166.3,1153.8,1170.5,0.921,18.4,19.3,0.953,150.0,146.9,1.021,123.4,166.8,0.74,1421.8,1395.6,1523.0,1527.9,1503.3,1529.9,0.931,16203.5,15726.3,1.03,5187.8,5065.7,5194.6,6208.2,6206.1,6257.9,0.836
main-1024,compute,d3d11,root-one-frozen-block,1024,11.3,13.5,0.837,1121.7,1103.3,1218.0,1057.9,1041.0,1138.5,1.06,56.0,17.6,3.182,192.4,143.6,1.34,143.7,170.5,0.843,1504.9,1492.2,1507.0,1450.3,1393.8,1453.0,1.038,16218.0,16092.9,1.008,5233.7,5215.2,5523.1,5323.0,5320.7,5324.2,0.983
main-1024,compute,d3d11,root-two-frozen-blocks,1024,12.2,12.9,0.946,1074.9,1069.0,1110.2,905.0,904.9,962.5,1.188,18.2,18.7,0.973,152.6,150.6,1.013,129.2,157.6,0.82,1418.7,1411.3,1460.0,1305.1,1300.6,1360.1,1.087,16105.8,16156.2,0.997,5193.4,5072.0,5204.4,4432.5,4423.7,4542.0,1.172
main-1024,compute,d3d11,rotate-frozen-roots,1024,10.6,14.6,0.726,985.9,954.1,986.4,208.6,207.3,211.0,4.726,19.1,15.9,1.201,133.0,150.2,0.885,130.6,42.7,3.059,1332.6,1268.5,1390.6,437.9,433.9,454.6,3.043,16177.2,15993.5,1.011,5194.0,5072.0,5197.2,3954.1,3937.6,4062.0,1.314
main-1024,compute,d3d11,rotate-mutable-roots,1024,10.9,17.9,0.609,964.5,955.1,1016.3,1034.9,1000.2,1082.0,0.932,19.9,18.2,1.093,142.4,125.7,1.133,130.9,168.8,0.775,1303.3,1274.3,1405.3,1365.4,1314.7,1429.8,0.955,16151.9,9844.7,1.641,5189.5,5068.0,5198.2,6206.5,6203.4,6314.0,0.836
main-1024,compute,d3d11,static-frozen-root,1024,9.8,12.8,0.766,869.3,846.8,901.8,162.5,157.8,162.6,5.35,18.1,15.2,1.191,173.8,17.0,10.224,142.9,35.5,4.025,1230.3,1220.7,1270.8,248.2,244.3,250.5,4.957,16149.0,16598.1,0.973,5186.0,5072.0,5203.9,3024.0,2768.1,3028.0,1.715
main-1024,compute,d3d11,static-mutable,1024,10.2,12.8,0.797,866.5,855.1,897.5,951.4,901.1,959.9,0.911,17.7,19.6,0.903,154.4,178.5,0.865,125.6,165.9,0.757,1214.7,1211.3,1271.6,1394.3,1370.6,1417.3,0.871,16175.0,16137.2,1.002,5193.7,5068.0,5204.0,6208.7,6203.6,6315.2,0.837
main-1024,compute,d3d11,swap-frozen-blocks,1024,11.0,12.9,0.853,1416.0,1404.2,1465.3,1402.4,1371.7,1446.7,1.01,18.8,50.9,0.369,161.4,170.6,0.946,145.1,183.2,0.792,1777.4,1707.2,1814.9,1828.6,1775.6,1833.1,0.972,16177.9,16184.6,1.0,5094.8,5067.8,5196.0,5100.2,5078.0,5202.9,0.999
main-1024,compute,d3d11,swap-mutable-blocks,1024,10.4,13.2,0.788,1393.8,1344.5,1407.8,1572.5,1506.0,1589.9,0.886,19.0,40.3,0.471,133.0,152.1,0.874,149.9,164.2,0.913,1683.1,1660.5,1695.9,1963.9,1872.6,1964.0,0.857,16222.5,16159.8,1.004,5089.9,5070.7,5200.0,6214.4,6210.0,6316.0,0.819
main-1024,compute,d3d12,bulk-root-two-frozen-blocks,1024,2.7,2.4,1.125,2173.3,2163.0,2178.5,1433.3,1420.8,1443.4,1.516,963.0,961.2,1.002,31.6,30.2,1.046,0.5,0.5,1.0,3168.2,3149.7,3170.5,2418.1,2415.1,2426.8,1.31,9160.3,6431.5,1.424,5689.6,5676.5,5920.6,3674.7,3661.2,4015.3,1.548
main-1024,compute,d3d12,fresh-frozen-blocks,1024,2.9,2.4,1.208,6605.1,6470.5,6694.2,10872.3,10676.2,11161.3,0.608,980.1,1010.8,0.97,34.6,46.9,0.738,0.6,0.9,0.667,7594.6,7594.6,7709.7,12175.4,11843.8,12257.5,0.624,13529.3,19477.6,0.695,5702.0,5697.9,5871.8,5828.3,5662.2,5997.2,0.978
main-1024,compute,d3d12,fresh-mutable-blocks,1024,2.5,2.3,1.087,6423.5,6379.9,6445.4,6721.1,6693.8,6810.1,0.956,974.8,989.5,0.985,33.8,31.2,1.083,0.5,0.5,1.0,7442.8,7381.5,7452.8,7743.2,7702.2,7818.2,0.961,13431.8,13789.8,0.974,5706.0,5695.8,5932.9,5867.9,5720.9,5964.0,0.972
main-1024,compute,d3d12,mutate-blocks,1024,2.6,2.3,1.13,5184.2,5153.3,5185.0,5317.9,5297.8,5340.3,0.975,969.4,967.3,1.002,33.7,30.8,1.094,0.6,0.5,1.2,6192.6,6165.1,6208.3,6307.7,6279.6,6342.6,0.982,12222.1,12464.7,0.981,5709.4,5700.0,5936.1,5814.2,5666.2,6000.0,0.982
main-1024,compute,d3d12,root-mutable-blocks,1024,2.8,2.3,1.217,1949.5,1946.4,2183.5,2018.8,2001.0,2028.0,0.966,959.1,962.6,0.996,32.1,30.9,1.039,0.7,0.5,1.4,3042.4,2941.8,3224.8,3002.1,2992.7,3005.0,1.013,9005.7,9006.2,1.0,5688.0,5670.0,5885.5,5729.6,5686.0,5874.0,0.993
main-1024,compute,d3d12,root-one-frozen-block,1024,2.7,2.3,1.174,1980.7,1964.9,2285.9,1609.4,1605.7,1619.6,1.231,957.5,959.5,0.998,33.7,31.2,1.08,0.5,0.5,1.0,2986.3,2944.9,3251.4,2612.6,2600.6,2643.1,1.143,9002.0,7652.1,1.176,5680.0,5595.8,5690.7,4645.9,4587.4,4791.1,1.223
main-1024,compute,d3d12,root-two-frozen-blocks,1024,2.7,2.3,1.174,1981.5,1956.0,2269.8,1230.3,1222.8,1238.8,1.611,958.2,956.4,1.002,31.3,29.8,1.05,0.6,0.5,1.2,2970.3,2942.9,3230.1,2222.3,2211.7,2237.7,1.337,8950.0,6017.0,1.487,5890.6,5586.0,5928.0,3671.8,3594.0,3685.2,1.604
main-1024,compute,d3d12,rotate-frozen-roots,1024,2.5,2.4,1.042,1828.3,1823.0,1828.7,167.9,167.8,168.1,10.889,969.6,1002.9,0.967,33.5,30.6,1.095,0.5,0.5,1.0,2828.7,2823.9,2841.8,1200.3,1185.1,1246.2,2.357,8561.5,4078.4,2.099,5594.0,5587.6,5679.8,2774.8,2771.2,2801.8,2.016
main-1024,compute,d3d12,rotate-mutable-roots,1024,2.9,4.7,0.617,2108.4,1950.6,2145.4,2139.8,1888.4,2306.2,0.985,975.2,986.6,0.988,30.7,32.6,0.942,0.6,0.5,1.2,3153.3,3039.0,3173.2,3155.4,2892.3,3351.8,0.999,8916.6,9178.6,0.971,5675.7,5586.3,5694.7,5693.9,5602.0,6049.3,0.997
main-1024,compute,d3d12,static-frozen-root,1024,2.7,2.4,1.125,2138.3,1808.5,2152.9,129.3,127.9,130.3,16.538,963.4,950.8,1.013,31.9,28.7,1.111,0.6,0.5,1.2,3127.0,2793.8,3151.3,1128.4,1087.4,1133.3,2.771,8846.2,3005.0,2.944,5678.0,5588.7,5977.7,1772.0,1754.3,1804.4,3.204
main-1024,compute,d3d12,static-mutable,1024,2.9,2.4,1.208,1811.5,1795.5,2141.5,1831.2,1823.3,1855.3,0.989,966.4,962.2,1.004,33.8,29.2,1.158,0.8,0.5,1.6,2811.6,2803.2,3114.5,2833.0,2814.2,2856.1,0.992,8834.3,8885.5,0.994,5684.1,5595.9,5703.0,5617.0,5587.3,5979.3,1.012
main-1024,compute,d3d12,swap-frozen-blocks,1024,2.8,2.4,1.167,2262.1,2216.0,2552.9,1642.3,1627.1,1643.7,1.377,962.0,969.2,0.993,33.6,31.9,1.053,0.4,0.5,0.8,3303.6,3223.3,3538.8,2633.9,2632.1,2673.6,1.254,9222.1,6895.1,1.337,5700.5,5689.6,5728.0,4173.2,4152.9,4244.4,1.366
main-1024,compute,d3d12,swap-mutable-blocks,1024,2.5,2.4,1.042,2203.9,2199.6,2227.2,2278.1,2275.5,2290.9,0.967,966.3,970.8,0.995,31.4,31.0,1.013,0.6,0.5,1.2,3214.6,3193.2,3227.1,3276.9,3275.3,3295.5,0.981,9153.4,9284.1,0.986,5694.0,5668.9,5696.9,5922.2,5601.2,6058.0,0.961
main-1024,compute,vulkan,bulk-root-two-frozen-blocks,1024,3.3,2.7,1.222,1763.6,1711.3,1777.8,1065.8,1022.9,1081.9,1.655,887.9,893.8,0.993,55.5,55.2,1.005,0.5,0.5,1.0,2706.5,2644.6,2728.4,2018.8,1968.6,2027.7,1.341,8977.3,5117.5,1.754,6231.0,5927.2,6282.5,3008.0,2988.0,3059.2,2.071
main-1024,compute,vulkan,fresh-frozen-blocks,1024,3.2,3.1,1.032,8541.3,8541.1,8548.0,14792.8,14790.3,14848.4,0.577,1021.0,1037.3,0.984,58.5,179.4,0.326,0.8,1.1,0.727,9619.1,9603.3,9647.5,16040.3,16017.0,16057.7,0.6,15957.4,24302.7,0.657,6113.3,6014.5,6285.7,4884.0,4796.0,4890.5,1.252
main-1024,compute,vulkan,fresh-mutable-blocks,1024,3.0,2.7,1.111,8139.9,8111.5,8190.0,8688.0,8633.2,8715.7,0.937,1146.4,1147.5,0.999,60.8,60.7,1.002,0.7,0.8,0.875,9333.2,9330.7,9379.2,9894.5,9836.5,9930.5,0.943,15710.3,16206.8,0.969,6119.0,6021.7,6282.7,6076.6,5994.2,6119.8,1.007
main-1024,compute,vulkan,mutate-blocks,1024,3.0,2.8,1.071,5573.7,5524.5,5602.9,5825.7,5787.3,5952.4,0.957,1267.1,1282.5,0.988,61.8,62.2,0.994,0.6,0.8,0.75,6926.1,6871.7,6968.4,7181.7,7176.2,7227.4,0.964,13231.4,13502.9,0.98,6109.2,6010.2,6233.0,6091.7,5990.0,6116.1,1.003
main-1024,compute,vulkan,root-mutable-blocks,1024,3.0,2.4,1.25,1574.5,1545.6,1614.9,1587.9,1557.2,1600.8,0.992,897.2,903.3,0.993,55.4,55.6,0.996,0.5,0.5,1.0,2529.7,2484.6,2556.8,2546.8,2529.1,2553.5,0.993,8587.2,8681.8,0.989,5956.3,5944.0,5958.0,5964.0,5937.9,6008.4,0.999
main-1024,compute,vulkan,root-one-frozen-block,1024,2.8,2.7,1.037,1544.4,1511.2,1909.0,1276.0,1241.5,1289.1,1.21,908.5,893.3,1.017,55.7,56.5,0.986,0.5,0.5,1.0,2484.0,2466.5,2918.3,2230.7,2192.3,2243.0,1.114,8819.4,6843.9,1.289,6022.0,6012.0,6115.6,4522.4,4499.2,4532.1,1.332
main-1024,compute,vulkan,root-two-frozen-blocks,1024,2.8,2.9,0.966,1574.5,1568.8,1619.2,909.3,882.4,921.6,1.732,893.8,888.7,1.006,55.3,55.3,1.0,0.5,0.5,1.0,2537.5,2513.4,2570.5,1862.4,1819.0,1867.5,1.362,8832.1,4999.1,1.767,6217.3,6210.2,6235.5,3034.0,3018.0,3134.9,2.049
main-1024,compute,vulkan,rotate-frozen-roots,1024,3.0,2.8,1.071,1438.8,1436.7,1518.3,175.9,173.9,178.2,8.18,908.3,928.5,0.978,58.6,54.2,1.081,0.5,0.5,1.0,2447.2,2406.0,2485.5,1166.6,1160.0,1218.5,2.098,8657.3,3292.8,2.629,6009.4,5987.3,6082.0,2016.0,2010.1,2039.2,2.981
main-1024,compute,vulkan,rotate-mutable-roots,1024,4.7,3.7,1.27,2636.8,2629.0,2664.6,2597.0,2569.2,2609.7,1.015,1022.4,1058.3,0.966,62.7,58.8,1.066,0.7,0.6,1.167,3722.2,3719.6,3744.0,3700.4,3688.1,3749.6,1.006,9860.7,9926.9,0.993,5993.3,5950.1,6111.9,6059.0,5983.8,6116.1,0.989
main-1024,compute,vulkan,static-frozen-root,1024,3.0,2.7,1.111,1374.9,1349.4,1403.7,129.1,122.6,131.1,10.65,899.5,764.2,1.177,55.0,55.6,0.989,0.6,0.4,1.5,2320.1,2287.3,2363.1,944.2,920.3,956.6,2.457,8632.9,2348.5,3.676,6264.0,6248.8,6320.0,1307.7,1286.1,1319.7,4.79
main-1024,compute,vulkan,static-mutable,1024,2.8,2.7,1.037,1386.5,1366.6,1415.1,1455.6,1422.4,1468.0,0.953,895.4,902.5,0.992,54.4,54.9,0.991,0.5,0.5,1.0,2335.5,2335.4,2366.8,2410.0,2407.6,2429.1,0.969,8480.5,8418.0,1.007,5996.0,5946.2,5998.0,5916.4,5902.0,5978.4,1.013
main-1024,compute,vulkan,swap-frozen-blocks,1024,2.7,3.0,0.9,1837.5,1807.0,1985.3,1265.5,1248.4,1280.8,1.452,900.7,916.8,0.982,55.5,55.1,1.007,0.5,0.5,1.0,2800.7,2755.7,2961.7,2247.9,2227.8,2266.1,1.246,9167.4,5736.9,1.598,6018.7,5999.5,6243.1,3392.4,3386.0,3448.2,1.774
main-1024,compute,vulkan,swap-mutable-blocks,1024,3.0,3.1,0.968,3015.5,2881.2,3025.8,3020.3,2990.9,3036.4,0.998,994.8,1011.7,0.983,55.4,56.2,0.986,0.5,0.5,1.0,4049.8,3931.4,4092.5,4085.6,4067.6,4108.6,0.991,10130.2,10278.6,0.986,6001.5,5950.3,6095.0,6116.0,5990.0,6198.1,0.981
main-1024,compute,wgpu,bulk-root-two-frozen-blocks,1024,12.2,13.3,0.917,5350.4,5117.2,7002.9,3097.9,3094.6,3133.7,1.727,1554.8,1456.9,1.067,2127.7,1154.4,1.843,690.5,140.0,4.932,9822.8,9536.5,11406.3,5916.6,5851.2,6041.2,1.66,11253.6,7532.5,1.494,-1.0,-1.0,-1.0,-1.0,-1.0,-1.0,
main-1024,compute,wgpu,fresh-frozen-blocks,1024,12.5,13.5,0.926,11463.9,11415.9,12471.4,22687.6,22477.3,24774.7,0.505,1611.8,1667.9,0.966,1976.1,2385.0,0.829,769.8,4087.4,0.188,15958.7,15848.1,16889.3,30746.0,30689.8,33008.7,0.519,17276.7,32154.7,0.537,-1.0,-1.0,-1.0,-1.0,-1.0,-1.0,
main-1024,compute,wgpu,fresh-mutable-blocks,1024,12.5,13.8,0.906,11413.7,11318.5,12791.8,11839.6,11821.6,13069.1,0.964,1589.5,1676.3,0.948,1907.6,1992.9,0.957,753.7,815.2,0.925,15634.8,15575.8,17087.3,16470.2,16343.7,17494.7,0.949,17150.2,17849.7,0.961,-1.0,-1.0,-1.0,-1.0,-1.0,-1.0,
main-1024,compute,wgpu,mutate-blocks,1024,11.8,13.4,0.881,9124.1,9069.9,10360.6,9520.0,9370.5,10620.9,0.958,1646.2,1726.8,0.953,2026.6,2067.0,0.98,793.1,788.5,1.006,13464.4,13464.1,14831.0,14112.8,14094.8,15196.8,0.954,14964.9,15539.7,0.963,-1.0,-1.0,-1.0,-1.0,-1.0,-1.0,
main-1024,compute,wgpu,root-mutable-blocks,1024,11.9,12.7,0.937,4897.9,4707.8,6083.3,5251.7,5016.7,6569.0,0.933,1556.8,1504.9,1.034,2103.0,1808.4,1.163,575.1,601.8,0.956,9019.7,8993.0,10733.5,9230.9,8825.1,10970.5,0.977,10432.0,10971.2,0.951,-1.0,-1.0,-1.0,-1.0,-1.0,-1.0,
main-1024,compute,wgpu,root-one-frozen-block,1024,11.7,13.0,0.9,4735.3,4723.6,6230.6,4117.9,3900.5,5526.2,1.15,1507.4,1541.0,0.978,2048.7,1690.2,1.212,547.7,286.3,1.913,8924.2,8836.1,10681.8,7689.6,7397.2,9703.3,1.161,10570.3,9068.9,1.166,-1.0,-1.0,-1.0,-1.0,-1.0,-1.0,
main-1024,compute,wgpu,root-two-frozen-blocks,1024,12.3,14.0,0.879,4995.6,4878.3,6403.0,2803.3,2786.0,2828.9,1.782,1502.3,1510.7,0.994,2152.0,1561.2,1.378,619.3,131.1,4.724,9446.2,9368.9,10868.6,6129.2,6121.5,6190.4,1.541,11115.9,7476.0,1.487,-1.0,-1.0,-1.0,-1.0,-1.0,-1.0,
main-1024,compute,wgpu,rotate-frozen-roots,1024,12.2,13.4,0.91,4841.4,4809.7,6065.7,181.8,181.2,182.9,26.63,1550.2,1652.4,0.938,2154.6,1621.8,1.329,607.9,20.5,29.654,9228.0,9124.9,10754.0,3492.8,3487.9,3506.2,2.642,10539.1,5134.1,2.053,-1.0,-1.0,-1.0,-1.0,-1.0,-1.0,
main-1024,compute,wgpu,rotate-mutable-roots,1024,12.9,16.8,0.768,5250.6,5184.7,6343.5,5286.3,5204.0,6408.2,0.993,1596.5,1612.4,0.99,2095.3,3161.5,0.663,698.6,675.3,1.035,9692.9,9598.4,10685.0,10789.6,10623.1,12003.8,0.898,11141.8,11331.3,0.983,-1.0,-1.0,-1.0,-1.0,-1.0,-1.0,
main-1024,compute,wgpu,static-frozen-root,1024,11.9,12.9,0.922,4872.2,4742.9,6122.0,148.3,144.0,160.2,32.854,1511.7,874.4,1.729,1958.7,1353.5,1.447,571.9,17.7,32.311,8844.3,8619.3,10523.4,2432.0,2414.3,2469.5,3.637,10309.6,3579.4,2.88,-1.0,-1.0,-1.0,-1.0,-1.0,-1.0,
main-1024,compute,wgpu,static-mutable,1024,11.4,13.0,0.877,4561.6,4526.0,5986.7,5202.1,5020.8,6348.3,0.877,1535.4,1464.6,1.048,2174.6,2234.2,0.973,581.4,608.7,0.955,8851.5,8640.9,10628.5,9819.0,9507.3,11117.8,0.901,10273.0,11205.1,0.917,-1.0,-1.0,-1.0,-1.0,-1.0,-1.0,
main-1024,compute,wgpu,swap-frozen-blocks,1024,12.6,13.9,0.906,5300.2,5231.7,6548.3,3202.9,3192.6,3277.2,1.655,1610.4,1589.2,1.013,2286.5,1768.3,1.293,746.5,147.1,5.075,9977.2,9863.1,11224.2,6720.8,6715.1,6823.4,1.485,11299.6,8302.7,1.361,-1.0,-1.0,-1.0,-1.0,-1.0,-1.0,
main-1024,compute,wgpu,swap-mutable-blocks,1024,12.2,13.1,0.931,5341.2,5331.0,6715.1,5463.4,5401.2,6630.8,0.978,1605.6,1598.3,1.005,2082.8,2322.1,0.897,702.0,691.1,1.016,9824.4,9785.1,11380.5,10084.5,10057.1,11332.2,0.974,11255.4,11496.8,0.979,-1.0,-1.0,-1.0,-1.0,-1.0,-1.0,
main-1024,graphics,d3d11,bulk-root-two-frozen-blocks,1024,9.5,10.4,0.913,1439.8,1418.8,1496.2,1273.9,1200.6,1288.5,1.13,25.1,20.5,1.224,309.1,266.2,1.161,215.2,213.7,1.007,2038.1,2011.4,2056.8,1843.3,1773.9,1850.8,1.106,16096.3,16255.3,0.99,156.0,155.6,158.4,53.3,52.5,53.8,2.927
main-1024,graphics,d3d11,fresh-frozen-blocks,1024,10.1,10.6,0.953,6502.1,6406.9,6689.0,19642.6,19190.1,19713.9,0.331,18.8,116.0,0.162,270.8,530.4,0.511,200.9,3333.6,0.06,7180.5,6870.6,7219.1,23541.3,23170.7,23934.0,0.305,16204.5,35697.2,0.454,203.9,195.2,206.0,499.8,481.1,509.3,0.408
main-1024,graphics,d3d11,fresh-mutable-blocks,1024,10.1,13.2,0.765,6578.3,6538.1,6591.5,6969.2,6900.0,6989.3,0.944,20.8,21.9,0.95,272.9,297.9,0.916,207.5,229.4,0.905,7105.0,7092.6,7120.4,7565.1,7404.7,7603.0,0.939,16135.3,16096.0,1.002,203.9,202.7,204.0,205.8,196.0,213.4,0.991
main-1024,graphics,d3d11,mutate-blocks,1024,12.2,12.3,0.992,4421.2,4395.5,4449.6,4607.3,4591.5,4620.5,0.96,25.3,20.5,1.234,265.0,315.9,0.839,221.5,223.0,0.993,4999.7,4954.4,5069.3,5230.0,5215.1,5282.2,0.956,16102.2,16158.1,0.997,215.1,204.2,215.6,205.8,196.0,212.0,1.045
main-1024,graphics,d3d11,root-mutable-blocks,1024,9.7,10.8,0.898,1256.8,1227.7,1260.1,1402.3,1374.8,1413.0,0.896,20.6,20.9,0.986,282.5,275.0,1.027,224.3,217.6,1.031,1907.1,1786.4,1988.6,1982.0,1917.2,2051.1,0.962,16132.2,16242.7,0.993,159.5,158.0,162.0,158.0,157.5,158.5,1.009
main-1024,graphics,d3d11,root-one-frozen-block,1024,11.8,10.8,1.093,1202.4,1184.2,1209.8,1264.8,1202.3,1272.3,0.951,18.8,19.4,0.969,277.7,306.9,0.905,239.4,203.0,1.179,1769.7,1741.7,1780.4,1818.0,1789.6,1823.6,0.973,16109.1,16124.9,0.999,161.2,158.6,193.9,115.9,115.9,117.9,1.391
main-1024,graphics,d3d11,root-two-frozen-blocks,1024,11.6,10.2,1.137,1266.1,1229.0,1271.3,1026.1,993.8,1099.5,1.234,20.3,18.8,1.08,303.0,358.1,0.846,253.5,214.8,1.18,1855.1,1760.0,1920.6,1710.9,1704.0,1724.0,1.084,16105.4,16096.6,1.001,157.5,156.2,158.0,54.6,54.0,54.9,2.885
main-1024,graphics,d3d11,rotate-frozen-roots,1024,9.7,12.1,0.802,1198.7,1169.4,1231.8,430.2,419.3,430.7,2.786,19.4,20.6,0.942,262.0,343.7,0.762,198.2,95.1,2.084,1710.0,1623.9,1790.1,933.5,910.1,934.9,1.832,16112.0,15992.6,1.007,204.0,203.7,206.2,149.9,149.4,150.0,1.361
main-1024,graphics,d3d11,rotate-mutable-roots,1024,10.2,15.7,0.65,1205.8,1176.7,1303.7,1223.1,1200.3,1336.4,0.986,21.7,19.3,1.124,294.0,252.2,1.166,192.6,222.2,0.867,1841.8,1726.9,1908.7,1712.4,1676.1,1819.8,1.076,16126.1,9688.8,1.664,204.5,196.2,204.5,293.8,291.8,295.7,0.696
main-1024,graphics,d3d11,static-frozen-root,1024,9.9,11.2,0.884,1091.8,1050.4,1121.6,352.9,349.7,379.6,3.094,20.5,17.8,1.152,301.8,102.3,2.95,195.0,97.8,1.994,1703.5,1690.8,1769.9,591.2,569.4,616.7,2.881,16130.9,16061.3,1.004,156.5,156.2,158.2,11.8,11.8,12.0,13.263
main-1024,graphics,d3d11,static-mutable,1024,10.3,10.6,0.972,1096.1,1036.6,1161.5,1160.9,1080.4,1232.5,0.944,20.3,20.0,1.015,292.3,341.0,0.857,207.4,218.8,0.948,1612.5,1591.0,1652.1,1746.8,1633.5,1761.2,0.923,16138.6,16128.2,1.001,157.1,156.9,159.8,158.7,158.0,160.0,0.99
main-1024,graphics,d3d11,swap-frozen-blocks,1024,10.3,10.4,0.99,1550.5,1522.8,1596.1,1547.9,1529.9,1641.8,1.002,19.7,22.1,0.891,282.5,344.2,0.821,218.6,238.8,0.915,2119.0,2117.1,2132.4,2202.1,2113.3,2245.7,0.962,16133.8,16224.4,0.994,204.0,203.4,204.6,162.2,161.4,162.4,1.258
main-1024,graphics,d3d11,swap-mutable-blocks,1024,10.5,11.3,0.929,1544.4,1540.3,1581.9,1694.3,1686.8,1723.4,0.912,25.0,21.9,1.142,315.2,372.2,0.847,214.4,211.1,1.016,2157.1,2033.4,2291.1,2295.1,2262.0,2312.6,0.94,16127.6,16082.5,1.003,204.8,204.3,205.5,202.4,200.0,207.2,1.012
main-1024,graphics,d3d12,bulk-root-two-frozen-blocks,1024,0.8,0.8,1.0,2185.5,2174.7,2192.0,1441.9,1434.9,1444.0,1.516,178.2,177.3,1.005,21.9,21.6,1.014,0.3,0.3,1.0,2391.2,2376.9,2393.5,1642.3,1632.1,1645.0,1.456,2566.3,1757.2,1.46,105.5,104.0,108.0,48.2,48.0,49.2,2.189
main-1024,graphics,d3d12,fresh-frozen-blocks,1024,0.9,0.9,1.0,6503.0,6456.5,6528.4,10934.8,10874.3,10947.5,0.595,186.0,221.2,0.841,23.6,38.8,0.608,0.3,0.6,0.5,6714.2,6666.4,6740.2,11506.2,11426.0,11520.5,0.584,6944.2,13158.1,0.528,105.9,105.6,107.7,93.0,92.0,93.7,1.139
main-1024,graphics,d3d12,fresh-mutable-blocks,1024,0.9,0.9,1.0,6487.5,6448.1,6490.8,6825.0,6780.9,6826.9,0.951,187.7,182.8,1.027,24.9,27.6,0.902,0.3,0.4,0.75,6699.4,6659.0,6709.9,7031.5,6981.0,7045.5,0.953,6918.8,7332.9,0.944,108.5,107.2,110.0,110.0,109.7,110.0,0.986
main-1024,graphics,d3d12,mutate-blocks,1024,0.9,0.9,1.0,5215.7,5200.7,5230.6,5377.7,5341.3,5379.1,0.97,183.6,182.5,1.006,25.1,22.4,1.121,0.3,0.3,1.0,5426.5,5414.0,5449.7,5588.5,5543.1,5591.8,0.971,5631.3,5770.1,0.976,107.9,104.4,108.0,101.5,100.0,107.0,1.063
main-1024,graphics,d3d12,root-mutable-blocks,1024,0.8,0.8,1.0,1971.9,1963.8,1973.4,2032.2,2025.9,2045.3,0.97,177.8,176.4,1.008,21.3,21.8,0.977,0.3,0.3,1.0,2171.8,2164.6,2175.3,2237.2,2221.2,2247.1,0.971,2344.5,2413.5,0.971,104.0,101.9,104.0,105.6,105.1,106.0,0.985
main-1024,graphics,d3d12,root-one-frozen-block,1024,0.8,0.9,0.889,1971.7,1965.6,1973.7,1645.2,1641.9,1645.5,1.198,178.0,176.5,1.008,21.4,22.0,0.973,0.3,0.3,1.0,2172.9,2163.0,2175.2,1842.2,1841.9,1845.8,1.18,2348.3,1984.9,1.183,104.0,102.0,107.3,68.3,67.8,69.5,1.523
main-1024,graphics,d3d12,root-two-frozen-blocks,1024,0.8,0.9,0.889,1963.2,1962.8,1963.8,1253.2,1251.3,1253.2,1.567,178.2,175.9,1.013,21.5,21.3,1.009,0.3,0.3,1.0,2163.3,2162.8,2164.4,1453.5,1452.2,1453.9,1.488,2336.4,1571.7,1.487,103.8,103.8,103.9,50.0,50.0,50.1,2.076
main-1024,graphics,d3d12,rotate-frozen-roots,1024,0.9,1.0,0.9,1832.8,1812.9,1841.3,227.3,212.5,245.3,8.063,184.1,173.6,1.06,21.6,21.4,1.009,0.3,0.3,1.0,2041.8,2022.5,2046.9,431.9,409.3,434.1,4.727,2217.0,535.3,4.142,106.5,101.2,107.1,37.8,37.3,37.9,2.817
main-1024,graphics,d3d12,rotate-mutable-roots,1024,0.8,2.1,0.381,1824.3,1812.1,1839.6,1918.2,1901.5,2485.5,0.951,184.2,189.4,0.973,22.1,33.6,0.658,0.3,0.4,0.75,2032.8,2018.4,2047.9,2144.7,2140.3,2712.4,0.948,2223.0,2568.5,0.865,104.0,102.2,104.6,104.7,104.0,107.9,0.993
main-1024,graphics,d3d12,static-frozen-root,1024,0.8,0.8,1.0,1805.6,1805.1,1808.7,170.0,168.8,170.8,10.621,177.5,127.3,1.394,20.9,20.7,1.01,0.3,0.3,1.0,2005.9,2005.5,2006.6,317.6,315.7,318.4,6.316,2187.7,401.1,5.454,105.0,102.2,105.3,8.4,8.3,8.6,12.5
main-1024,graphics,d3d12,static-mutable,1024,0.8,0.8,1.0,1807.7,1802.6,1817.9,1851.8,1845.9,1855.6,0.976,177.7,174.2,1.02,21.6,22.0,0.982,0.3,0.3,1.0,2005.7,2001.7,2015.1,2047.1,2040.8,2060.6,0.98,2177.3,2230.2,0.976,102.1,101.2,103.5,104.0,103.7,107.0,0.982
main-1024,graphics,d3d12,swap-frozen-blocks,1024,0.8,0.9,0.889,2223.0,2208.3,2227.0,1631.9,1631.5,1635.7,1.362,182.9,184.8,0.99,21.9,22.3,0.982,0.3,0.4,0.75,2428.6,2415.9,2432.3,1843.8,1832.7,1863.0,1.317,2601.4,1973.5,1.318,102.2,102.0,102.8,56.0,54.5,56.7,1.825
main-1024,graphics,d3d12,swap-mutable-blocks,1024,0.8,0.9,0.889,2217.8,2209.9,2222.0,2296.3,2286.4,2308.6,0.966,183.4,182.6,1.004,21.9,22.2,0.986,0.3,0.3,1.0,2426.4,2415.8,2427.2,2501.7,2485.7,2514.9,0.97,2594.8,2681.2,0.968,103.6,102.2,104.0,105.9,102.8,106.2,0.978
main-1024,graphics,vulkan,bulk-root-two-frozen-blocks,1024,0.8,0.8,1.0,1789.3,1784.9,1793.8,1061.1,1059.1,1069.8,1.686,284.4,245.7,1.158,18.0,17.3,1.04,0.3,0.3,1.0,2093.8,2081.2,2097.7,1327.5,1322.5,1329.2,1.577,2276.1,1459.3,1.56,111.8,111.6,112.0,65.4,64.8,65.5,1.709
main-1024,graphics,vulkan,fresh-frozen-blocks,1024,1.4,1.6,0.875,8735.6,8713.1,8771.0,14808.0,14776.8,14826.5,0.59,574.0,494.0,1.162,23.1,150.8,0.153,0.6,1.2,0.5,9356.1,9337.1,9371.5,15442.7,15420.8,15472.5,0.606,9666.6,18909.2,0.511,110.3,109.9,111.5,102.3,100.5,103.2,1.078
main-1024,graphics,vulkan,fresh-mutable-blocks,1024,0.8,0.7,1.143,8207.4,8207.1,8219.6,8751.2,8722.3,8773.3,0.938,640.6,591.9,1.082,24.8,24.7,1.004,0.5,0.9,0.556,8867.9,8866.5,8896.7,9363.7,9338.4,9402.8,0.947,9245.7,9711.1,0.952,111.8,111.5,112.0,112.0,111.6,112.5,0.998
main-1024,graphics,vulkan,mutate-blocks,1024,0.7,0.7,1.0,5649.5,5624.8,5669.9,5873.5,5867.5,5976.6,0.962,760.8,718.2,1.059,27.2,27.2,1.0,0.5,0.5,1.0,6458.0,6387.3,6469.2,6711.1,6629.1,6725.2,0.962,6665.5,6918.6,0.963,109.9,108.5,111.9,112.0,109.8,113.8,0.981
main-1024,graphics,vulkan,root-mutable-blocks,1024,0.8,0.9,0.889,1594.7,1592.2,1597.9,1647.9,1622.9,1661.8,0.968,283.0,269.6,1.05,17.6,18.2,0.967,0.3,0.3,1.0,1893.6,1893.3,1901.4,1935.8,1905.9,1959.7,0.978,2081.5,2116.9,0.983,112.5,109.3,112.5,110.3,110.0,110.4,1.02
main-1024,graphics,vulkan,root-one-frozen-block,1024,0.8,0.7,1.143,1602.5,1597.2,1605.7,1328.8,1322.9,1328.9,1.206,280.5,254.1,1.104,18.0,17.5,1.029,0.3,0.3,1.0,1903.4,1901.6,1909.6,1603.5,1595.8,1607.6,1.187,2087.4,1753.3,1.191,110.8,110.4,111.0,82.0,81.4,82.0,1.351
main-1024,graphics,vulkan,root-two-frozen-blocks,1024,0.8,0.7,1.143,1604.4,1600.2,1607.1,884.2,878.1,884.9,1.815,281.7,249.0,1.131,18.0,17.5,1.029,0.3,0.3,1.0,1906.0,1902.9,1908.7,1147.7,1146.2,1152.1,1.661,2084.4,1280.2,1.628,110.9,110.0,112.1,64.8,64.8,65.5,1.711
main-1024,graphics,vulkan,rotate-frozen-roots,1024,1.0,0.8,1.25,1492.4,1446.7,1495.1,258.9,258.3,261.7,5.764,283.0,235.6,1.201,18.2,16.7,1.09,0.3,0.3,1.0,1785.9,1751.1,1801.3,514.3,510.3,519.1,3.472,1962.2,652.7,3.006,110.0,107.6,110.4,64.0,64.0,64.0,1.719
main-1024,graphics,vulkan,rotate-mutable-roots,1024,1.8,1.6,1.125,2826.5,2785.7,2841.4,2814.6,2767.3,2818.3,1.004,305.8,335.8,0.911,24.8,19.6,1.265,0.3,0.3,1.0,3167.6,3115.2,3171.2,3174.7,3122.9,3189.5,0.998,3348.1,3363.5,0.995,113.8,111.7,114.0,113.8,112.3,114.0,1.0
main-1024,graphics,vulkan,static-frozen-root,1024,0.8,0.7,1.143,1407.5,1403.3,1419.5,174.2,173.9,174.7,8.08,282.3,146.0,1.934,18.1,16.6,1.09,0.3,0.3,1.0,1704.6,1704.1,1724.8,338.4,336.6,341.6,5.037,1886.2,452.8,4.166,112.0,108.3,112.4,46.3,46.1,46.3,2.419
main-1024,graphics,vulkan,static-mutable,1024,0.8,0.9,0.889,1405.5,1403.6,1406.0,1454.3,1430.2,1473.6,0.966,280.8,265.8,1.056,18.2,17.6,1.034,0.3,0.3,1.0,1711.0,1704.9,1711.4,1744.1,1716.3,1765.0,0.981,1887.5,1921.8,0.982,111.2,108.0,111.3,111.1,110.4,111.2,1.001
main-1024,graphics,vulkan,swap-frozen-blocks,1024,0.8,0.8,1.0,1881.5,1874.4,1883.4,1298.5,1286.2,1308.8,1.449,286.2,261.1,1.096,18.8,18.2,1.033,0.3,0.3,1.0,2189.6,2176.2,2197.3,1576.1,1566.4,1579.4,1.389,2370.9,1722.6,1.376,110.6,110.0,113.6,65.5,65.2,65.8,1.689
main-1024,graphics,vulkan,swap-mutable-blocks,1024,1.1,1.1,1.0,3173.8,2942.4,3194.9,3247.1,3225.6,3258.9,0.977,291.7,282.6,1.032,19.3,18.5,1.043,0.3,0.3,1.0,3485.0,3267.1,3511.9,3553.6,3537.3,3566.8,0.981,3662.3,3743.0,0.978,111.6,108.2,111.6,111.0,110.0,111.9,1.005
main-1024,graphics,wgpu,bulk-root-two-frozen-blocks,1024,7.2,8.3,0.867,5053.5,4931.2,5621.5,3041.3,3035.3,3121.0,1.662,750.4,757.4,0.991,804.7,212.6,3.785,387.8,179.4,2.162,6951.2,6944.7,7647.6,4260.2,4216.8,4292.8,1.632,6956.5,4479.7,1.553,-1.0,-1.0,-1.0,-1.0,-1.0,-1.0,
main-1024,graphics,wgpu,fresh-frozen-blocks,1024,7.3,8.3,0.88,11638.9,11611.8,11776.0,22457.9,22435.6,22512.7,0.518,914.1,1001.1,0.913,1003.4,1177.6,0.852,807.9,4097.2,0.197,14441.1,14347.6,14586.0,28823.9,28756.5,28896.1,0.501,14448.0,28831.7,0.501,-1.0,-1.0,-1.0,-1.0,-1.0,-1.0,
main-1024,graphics,wgpu,fresh-mutable-blocks,1024,7.1,8.6,0.826,11451.2,11353.1,11502.5,11896.5,11847.0,12007.7,0.963,895.2,938.5,0.954,1026.1,970.3,1.058,780.9,843.3,0.926,14172.7,14036.8,14227.4,14701.4,14628.5,14728.6,0.964,14179.1,14709.3,0.964,-1.0,-1.0,-1.0,-1.0,-1.0,-1.0,
main-1024,graphics,wgpu,mutate-blocks,1024,7.2,8.1,0.889,9089.9,9046.9,9293.1,9314.1,9262.5,9472.3,0.976,938.5,977.1,0.96,1062.2,1031.2,1.03,797.9,827.6,0.964,11963.8,11845.4,12148.1,12149.4,12137.4,12341.8,0.985,11971.8,12155.9,0.985,-1.0,-1.0,-1.0,-1.0,-1.0,-1.0,
main-1024,graphics,wgpu,root-mutable-blocks,1024,7.5,9.9,0.758,4902.2,4728.5,5044.0,4875.9,4770.6,5027.6,1.005,765.5,764.2,1.002,759.9,286.9,2.649,394.6,408.3,0.966,6978.1,6780.6,7054.4,6520.9,6468.0,6667.5,1.07,6984.1,6682.7,1.045,-1.0,-1.0,-1.0,-1.0,-1.0,-1.0,
main-1024,graphics,wgpu,root-one-frozen-block,1024,7.2,7.8,0.923,4949.1,4672.4,5044.2,4622.0,4023.2,4639.9,1.071,764.0,745.8,1.024,782.6,707.9,1.106,386.7,291.1,1.328,6978.4,6605.0,7070.2,6393.7,5806.7,6421.4,1.091,6983.7,6398.8,1.091,-1.0,-1.0,-1.0,-1.0,-1.0,-1.0,
main-1024,graphics,wgpu,root-two-frozen-blocks,1024,7.0,8.0,0.875,4693.8,4634.5,5106.2,2837.2,2833.5,3378.8,1.654,750.5,737.9,1.017,793.4,676.5,1.173,396.7,176.5,2.248,6889.3,6674.3,7506.1,4465.4,4398.1,4997.0,1.543,6894.6,4470.6,1.542,-1.0,-1.0,-1.0,-1.0,-1.0,-1.0,
main-1024,graphics,wgpu,rotate-frozen-roots,1024,7.3,7.8,0.936,5085.4,5053.3,5118.4,360.1,358.1,368.1,14.122,763.9,785.8,0.972,790.0,682.6,1.157,392.0,71.9,5.452,7126.1,6980.5,7181.4,1947.5,1943.9,1954.8,3.659,7132.2,1952.6,3.653,-1.0,-1.0,-1.0,-1.0,-1.0,-1.0,
main-1024,graphics,wgpu,rotate-mutable-roots,1024,7.6,8.7,0.874,5410.5,5329.2,5988.1,5438.4,5391.7,5449.7,0.995,863.5,869.4,0.993,803.4,1800.6,0.446,388.8,408.4,0.952,7843.1,7505.9,8008.0,8562.1,8467.1,8583.8,0.916,7850.2,8567.4,0.916,-1.0,-1.0,-1.0,-1.0,-1.0,-1.0,
main-1024,graphics,wgpu,static-frozen-root,1024,6.9,8.1,0.852,4599.1,4471.4,5056.9,324.1,303.8,332.0,14.19,746.4,120.2,6.21,794.0,521.0,1.524,396.6,91.1,4.353,6778.3,6672.9,7146.3,1059.5,1049.3,1105.5,6.398,6785.9,1067.0,6.36,-1.0,-1.0,-1.0,-1.0,-1.0,-1.0,
main-1024,graphics,wgpu,static-mutable,1024,6.8,8.1,0.84,4433.4,4416.0,4473.6,4759.6,4721.5,4989.3,0.931,744.3,749.0,0.994,797.9,791.8,1.008,393.3,400.8,0.981,6567.1,6397.1,6734.4,6718.9,6700.9,6989.3,0.977,6574.9,6724.0,0.978,-1.0,-1.0,-1.0,-1.0,-1.0,-1.0,
main-1024,graphics,wgpu,swap-frozen-blocks,1024,7.4,8.1,0.914,5445.5,5377.5,5452.7,3339.0,3323.1,3440.4,1.631,751.2,835.6,0.899,830.6,760.1,1.093,397.7,183.5,2.167,7515.8,7299.6,7783.0,5152.9,5118.2,5245.1,1.459,7521.4,5156.1,1.459,-1.0,-1.0,-1.0,-1.0,-1.0,-1.0,
main-1024,graphics,wgpu,swap-mutable-blocks,1024,7.3,8.4,0.869,5289.5,5252.2,5619.1,5643.5,5533.1,6258.2,0.937,832.6,846.3,0.984,768.7,877.5,0.876,389.8,573.9,0.679,7342.1,7320.1,7861.7,8093.1,8024.7,8485.9,0.907,7350.3,8099.4,0.908,-1.0,-1.0,-1.0,-1.0,-1.0,-1.0,
main-1024,ray-tracing,d3d12,bulk-root-two-frozen-blocks,1024,3.1,3.9,0.795,2275.5,2249.2,2468.4,1575.8,1543.7,1859.2,1.444,2662.6,2669.2,0.998,34.6,34.7,0.997,0.6,0.8,0.75,4960.7,4958.8,5238.7,4408.8,4264.8,4569.8,1.125,23141.9,21392.7,1.082,17897.2,17705.0,17964.6,16796.4,16629.3,16917.7,1.066
main-1024,ray-tracing,d3d12,fresh-frozen-blocks,1024,3.0,4.1,0.732,6807.2,6796.1,6848.0,11111.4,10946.3,11160.2,0.613,2732.2,2759.8,0.99,38.7,50.5,0.766,0.7,1.1,0.636,9643.7,9638.9,9667.3,13929.4,13751.7,13945.2,0.692,27821.7,33527.0,0.83,17980.0,17818.0,17981.8,17966.3,17851.5,18021.8,1.001
main-1024,ray-tracing,d3d12,fresh-mutable-blocks,1024,2.9,4.2,0.69,6588.0,6546.0,6672.4,7129.1,6877.4,7163.1,0.924,2699.5,2719.3,0.993,34.6,35.5,0.975,0.8,0.7,1.143,9417.3,9359.6,9593.8,9871.0,9632.6,9983.2,0.954,27728.2,27855.0,0.995,17978.2,17794.0,17990.5,17934.1,17860.6,17968.5,1.002
main-1024,ray-tracing,d3d12,mutate-blocks,1024,3.0,2.6,1.154,5262.3,5248.0,5587.3,5436.2,5361.5,5564.3,0.968,2697.5,2704.2,0.998,35.3,34.8,1.014,0.5,0.6,0.833,8307.3,7974.7,8342.0,8197.0,8163.8,8321.6,1.013,26326.2,26508.6,0.993,17963.9,17817.2,18006.9,17926.0,17862.2,18116.9,1.002
main-1024,ray-tracing,d3d12,root-mutable-blocks,1024,3.5,2.9,1.207,2316.5,2098.0,2392.6,2147.2,2143.4,2339.6,1.079,2670.3,2676.4,0.998,34.0,31.2,1.09,0.6,0.8,0.75,5119.6,4730.2,5163.5,4852.9,4836.0,5125.8,1.055,22995.6,22879.4,1.005,17806.0,17789.9,17978.4,17850.1,17772.0,18011.5,0.998
main-1024,ray-tracing,d3d12,root-one-frozen-block,1024,2.8,2.8,1.0,2044.0,2042.1,2210.3,1731.1,1721.7,2078.2,1.181,2676.6,2677.0,1.0,33.2,30.2,1.099,0.5,0.6,0.833,4783.1,4747.9,4927.1,4460.4,4431.6,4775.1,1.072,22959.4,21623.9,1.062,17787.9,17695.6,17957.0,16956.1,16769.5,16981.5,1.049
main-1024,ray-tracing,d3d12,root-two-frozen-blocks,1024,2.6,2.7,0.963,2047.3,2040.6,2050.2,1576.3,1337.8,1608.2,1.299,2661.9,2685.3,0.991,33.0,31.6,1.044,0.5,0.6,0.833,4744.0,4737.9,4747.7,4411.8,4029.7,4426.0,1.075,22656.2,21124.9,1.072,17814.6,17650.6,17933.9,16768.2,16709.1,16840.0,1.062
main-1024,ray-tracing,d3d12,rotate-frozen-roots,1024,2.9,3.7,0.784,1922.9,1920.7,2155.5,190.2,174.9,191.9,10.11,2691.5,2743.9,0.981,29.1,31.5,0.924,0.5,0.6,0.833,4652.1,4617.7,5048.1,2978.2,2964.1,2989.7,1.562,22667.5,18164.2,1.248,17900.1,17665.3,18000.3,15040.8,14958.3,15135.8,1.19
main-1024,ray-tracing,d3d12,rotate-mutable-roots,1024,3.6,4.9,0.735,2266.1,1943.7,2301.8,2386.0,2367.7,2397.4,0.95,2705.4,2711.8,0.998,34.7,36.2,0.959,0.5,1.0,0.5,4962.6,4708.4,5066.6,5072.9,5018.9,5128.5,0.978,22896.9,23153.9,0.989,17866.3,17798.5,18006.0,17958.4,17749.3,18051.4,0.995
main-1024,ray-tracing,d3d12,static-frozen-root,1024,3.4,2.8,1.214,1884.0,1861.9,2093.8,145.1,140.7,194.2,12.984,2673.3,2686.2,0.995,33.2,33.4,0.994,0.5,0.6,0.833,4577.1,4566.5,4805.8,2873.7,2869.2,2891.2,1.593,23015.8,17478.0,1.317,18211.4,17836.2,18217.6,14476.0,14358.5,14532.5,1.258
main-1024,ray-tracing,d3d12,static-mutable,1024,3.9,3.4,1.147,1880.3,1857.1,2224.3,2330.1,2177.1,2375.8,0.807,2663.1,2689.0,0.99,31.1,34.4,0.904,0.7,0.6,1.167,4602.3,4575.2,4914.2,5006.7,4907.5,5089.3,0.919,23147.2,23206.5,0.997,18110.5,18041.1,18118.3,18106.5,17968.3,18283.3,1.0
main-1024,ray-tracing,d3d12,swap-frozen-blocks,1024,3.1,3.7,0.838,2594.3,2410.9,2660.9,1891.5,1719.2,2126.2,1.372,2684.9,2686.5,0.999,34.1,36.1,0.945,0.5,0.7,0.714,5372.7,5127.2,5388.2,4815.9,4457.3,4839.2,1.116,23134.2,21814.0,1.061,17811.2,17800.0,17900.0,16964.0,16860.0,17103.5,1.05
main-1024,ray-tracing,d3d12,swap-mutable-blocks,1024,4.1,2.7,1.519,2624.7,2287.0,2673.1,2547.3,2455.6,2590.5,1.03,2681.5,2705.1,0.991,34.4,29.6,1.162,0.5,0.5,1.0,5288.8,5004.6,5388.4,5393.6,5165.3,5666.3,0.981,23316.1,23521.6,0.991,17956.8,17691.0,17976.9,17850.2,17822.9,17935.3,1.006
main-1024,ray-tracing,vulkan,bulk-root-two-frozen-blocks,1024,4.8,4.6,1.043,2117.5,1992.8,2160.0,1438.1,1436.1,1472.9,1.472,3064.0,2981.5,1.028,123.2,115.0,1.071,1.6,1.4,1.143,5326.2,5071.2,5407.9,4541.5,4514.6,4614.3,1.173,21481.7,17586.2,1.222,16026.1,15979.1,16153.9,13050.0,12986.0,13226.1,1.228
main-1024,ray-tracing,vulkan,fresh-frozen-blocks,1024,3.4,3.3,1.03,8548.9,8547.0,8645.5,14797.1,14723.0,14866.1,0.578,3115.3,3254.5,0.957,122.5,274.4,0.446,0.8,1.2,0.667,11846.8,11843.0,11847.6,18291.2,18200.8,18379.8,0.648,28042.6,36557.8,0.767,16018.2,15979.7,16140.0,14863.9,14746.5,14998.7,1.078
main-1024,ray-tracing,vulkan,fresh-mutable-blocks,1024,4.8,4.4,1.091,8347.5,8321.6,8395.6,8751.7,8672.3,8765.8,0.954,3327.8,3331.2,0.999,121.7,114.6,1.062,1.0,0.8,1.25,11765.2,11706.4,11912.4,12181.5,12158.9,12203.2,0.966,28035.1,28353.7,0.989,16008.3,15972.4,16174.7,15981.9,15953.5,16212.0,1.002
main-1024,ray-tracing,vulkan,mutate-blocks,1024,4.4,4.6,0.957,5879.7,5851.4,6021.7,6239.5,6225.6,6272.4,0.942,3487.2,3489.2,0.999,125.3,121.5,1.031,0.8,0.7,1.143,9546.8,9444.3,9619.3,9833.8,9818.4,9903.8,0.971,25765.0,25938.9,0.993,16020.0,15988.6,16140.0,15980.5,15958.0,16225.7,1.002
main-1024,ray-tracing,vulkan,root-mutable-blocks,1024,4.4,4.3,1.023,1959.1,1733.6,1966.4,2196.0,2169.4,2257.7,0.892,3052.1,3056.4,0.999,120.2,122.3,0.983,1.7,1.5,1.133,5100.9,4853.9,5170.7,5402.9,5371.9,5546.7,0.944,21219.8,21475.5,0.988,16024.0,15977.5,16142.0,15990.0,15952.8,16252.0,1.002
main-1024,ray-tracing,vulkan,root-one-frozen-block,1024,4.6,4.4,1.045,1834.8,1735.1,1966.2,1684.9,1517.4,1698.0,1.089,3014.0,3016.2,0.999,121.4,118.2,1.027,1.7,1.7,1.0,4981.7,4872.5,5216.8,4792.7,4693.4,4828.3,1.039,21058.4,19335.0,1.089,16022.0,15972.3,16138.0,14571.3,14470.9,14704.9,1.1
main-1024,ray-tracing,vulkan,root-two-frozen-blocks,1024,5.0,4.5,1.111,1959.8,1767.2,1965.1,1046.9,1031.0,1279.5,1.872,3036.9,2976.2,1.02,121.6,111.7,1.089,1.6,1.6,1.0,5124.6,4882.3,5132.2,4127.0,4120.0,4466.4,1.242,21205.8,17239.4,1.23,16021.9,15978.0,16207.7,13057.8,12993.5,13224.8,1.227
main-1024,ray-tracing,vulkan,rotate-frozen-roots,1024,4.9,4.9,1.0,1850.8,1835.5,1871.9,190.3,184.5,193.1,9.726,3173.7,3108.5,1.021,126.3,112.5,1.123,1.7,1.2,1.417,5144.7,5131.8,5253.0,3424.0,3396.1,3445.8,1.503,21330.3,16066.7,1.328,16024.0,15973.5,16168.8,12658.0,12559.7,12761.5,1.266
main-1024,ray-tracing,vulkan,rotate-mutable-roots,1024,3.1,5.7,0.544,2699.1,2662.5,2715.7,2581.3,2574.2,2616.6,1.046,3342.8,3349.5,0.998,121.7,120.3,1.012,1.8,1.9,0.947,6157.4,6132.4,6167.8,6142.4,6056.2,6185.0,1.002,22234.6,22262.7,0.999,16021.5,15958.9,16144.0,15989.4,15958.1,16262.7,1.002
main-1024,ray-tracing,vulkan,static-frozen-root,1024,4.9,4.6,1.065,1720.3,1593.4,1771.4,151.0,145.4,152.2,11.393,3062.5,2725.9,1.123,121.6,108.3,1.123,1.5,1.2,1.25,4931.3,4729.5,5033.3,2976.9,2968.7,3049.8,1.657,21330.2,14820.6,1.439,16360.0,16324.0,16416.0,11772.2,11741.1,11824.5,1.39
main-1024,ray-tracing,vulkan,static-mutable,1024,4.9,4.1,1.195,1591.6,1566.2,1799.6,1843.8,1802.9,1847.7,0.863,3017.4,3045.6,0.991,123.9,120.0,1.032,1.5,1.6,0.938,4757.1,4724.5,4959.7,4986.7,4982.2,5051.9,0.954,21158.4,21391.4,0.989,16352.0,16328.0,16394.0,16332.0,16259.8,16402.4,1.001
main-1024,ray-tracing,vulkan,swap-frozen-blocks,1024,4.6,4.4,1.045,2536.8,2239.5,2774.0,1573.0,1568.3,1604.5,1.613,3240.2,3113.3,1.041,122.4,121.3,1.009,1.8,1.4,1.286,5930.6,5674.8,6133.6,4831.7,4761.3,4928.5,1.227,22087.4,18489.9,1.195,16012.0,15970.9,16170.0,13664.0,13586.3,13693.8,1.172
main-1024,ray-tracing,vulkan,swap-mutable-blocks,1024,4.3,4.2,1.024,3047.5,3019.2,3057.6,3168.9,3138.2,3196.7,0.962,3278.0,3217.7,1.019,121.1,119.6,1.013,1.7,1.5,1.133,6464.0,6418.0,6527.2,6497.8,6431.1,6605.2,0.995,22582.8,22648.6,0.997,16022.0,16001.0,16156.3,15984.0,15958.8,16212.2,1.002
small-64,compute,cpu,bulk-root-two-frozen-blocks,64,70.3,82.8,0.849,857.8,842.2,907.8,696.9,695.3,704.7,1.231,10.9,10.9,1.0,18.8,17.2,1.093,123.4,95.3,1.295,1082.8,1053.1,1210.9,898.4,898.4,904.7,1.205,1084.4,898.4,1.207,17.2,17.2,17.2,15.6,15.6,15.6,1.103
small-64,compute,cpu,fresh-frozen-blocks,64,75.0,89.1,0.842,6034.4,5943.8,6237.5,9457.8,9443.8,9487.5,0.638,10.9,15.6,0.699,18.8,23.4,0.803,135.9,1037.5,0.131,6287.5,6176.6,6556.2,10625.0,10604.7,10651.6,0.592,6289.1,10626.6,0.592,17.2,15.6,17.2,21.9,20.3,21.9,0.785
small-64,compute,cpu,fresh-mutable-blocks,64,70.3,82.8,0.849,6003.1,5981.2,6214.1,6459.4,6401.6,6596.9,0.929,10.9,10.9,1.0,18.8,18.8,1.0,168.8,139.1,1.214,6218.8,6214.1,6550.0,6696.9,6656.2,6856.2,0.929,6218.8,6696.9,0.929,17.2,15.6,17.2,17.2,17.2,18.8,1.0
small-64,compute,cpu,mutate-blocks,64,67.2,78.1,0.86,3832.8,3803.1,4010.9,4146.9,4062.5,4185.9,0.924,10.9,10.9,1.0,18.8,18.8,1.0,129.7,132.8,0.977,4032.8,4029.7,4335.9,4365.6,4310.9,4465.6,0.924,4032.8,4365.6,0.924,17.2,15.6,17.2,17.2,15.6,17.2,1.0
small-64,compute,cpu,root-mutable-blocks,64,70.3,78.1,0.9,715.6,706.2,807.8,723.4,720.3,726.6,0.989,10.9,10.9,1.0,18.8,18.8,1.0,123.4,131.2,0.941,926.6,921.9,1121.9,959.4,957.8,959.4,0.966,926.6,959.4,0.966,15.6,15.6,17.2,17.2,17.2,17.2,0.907
small-64,compute,cpu,root-one-frozen-block,64,68.8,78.1,0.881,653.1,650.0,740.6,615.6,607.8,618.8,1.061,10.9,9.4,1.16,18.8,18.8,1.0,129.7,110.9,1.17,876.6,859.4,1035.9,835.9,812.5,835.9,1.049,876.6,835.9,1.049,17.2,15.6,17.2,17.2,17.2,17.2,1.0
small-64,compute,cpu,root-two-frozen-blocks,64,70.3,78.1,0.9,664.1,637.5,739.1,496.9,495.3,507.8,1.336,9.4,9.4,1.0,18.8,17.2,1.093,123.4,93.8,1.316,878.1,842.2,1046.9,695.3,682.8,704.7,1.263,878.1,695.3,1.263,17.2,17.2,17.2,15.6,15.6,15.6,1.103
small-64,compute,cpu,rotate-frozen-roots,64,70.3,82.8,0.849,560.9,535.9,696.9,207.8,204.7,214.1,2.699,10.9,9.4,1.16,18.8,39.1,0.481,128.1,96.9,1.322,825.0,759.4,1039.1,431.2,428.1,431.2,1.913,825.0,431.2,1.913,17.2,17.2,17.2,37.5,37.5,37.5,0.459
small-64,compute,cpu,rotate-mutable-roots,64,75.0,95.3,0.787,562.5,535.9,589.1,610.9,598.4,626.6,0.921,10.9,10.9,1.0,18.8,18.8,1.0,129.7,135.9,0.954,796.9,754.7,920.3,867.2,857.8,889.1,0.919,796.9,867.2,0.919,17.2,17.2,17.2,17.2,17.2,17.2,1.0
small-64,compute,cpu,static-frozen-root,64,71.9,79.7,0.902,532.8,531.2,570.3,128.1,126.6,131.2,4.159,10.9,9.4,1.16,18.8,17.2,1.093,126.6,67.2,1.884,754.7,732.8,879.7,304.7,295.3,309.4,2.477,754.7,306.2,2.465,17.2,15.6,17.2,15.6,15.6,15.6,1.103
small-64,compute,cpu,static-mutable,64,68.8,78.1,0.881,515.6,496.9,648.4,568.8,546.9,571.9,0.906,9.4,10.9,0.862,18.8,18.8,1.0,125.0,129.7,0.964,740.6,717.2,950.0,809.4,784.4,815.6,0.915,740.6,809.4,0.915,17.2,17.2,17.2,17.2,17.2,17.2,1.0
small-64,compute,cpu,swap-frozen-blocks,64,71.9,78.1,0.921,951.6,890.6,976.6,1020.3,1017.2,1043.8,0.933,10.9,12.5,0.872,18.8,25.0,0.752,131.2,165.6,0.792,1184.4,1096.9,1284.4,1318.8,1303.1,1326.6,0.898,1184.4,1320.3,0.897,17.2,17.2,17.2,23.4,23.4,23.4,0.735
small-64,compute,cpu,swap-mutable-blocks,64,68.8,79.7,0.863,915.6,907.8,1025.0,954.7,950.0,956.2,0.959,10.9,10.9,1.0,18.8,18.8,1.0,128.1,135.9,0.943,1139.1,1139.1,1337.5,1200.0,1182.8,1212.5,0.949,1139.1,1200.0,0.949,17.2,17.2,17.2,17.2,17.2,17.2,1.0
small-64,compute,cuda,bulk-root-two-frozen-blocks,64,17.2,18.8,0.915,907.8,906.2,929.7,696.9,695.3,717.2,1.303,12.5,12.5,1.0,5365.6,5160.9,1.04,6.2,6.2,1.0,6318.8,6292.2,6373.4,5889.1,5871.9,6875.0,1.073,9404.7,9479.7,0.992,6703.1,6640.6,7187.5,7156.2,7156.2,7406.2,0.937
small-64,compute,cuda,fresh-frozen-blocks,64,18.8,18.8,1.0,6065.6,6025.0,6120.3,81015.6,75001.6,83145.3,0.075,12.5,15.6,0.801,5401.6,6040.6,0.894,6.2,7.8,0.795,11507.8,11460.9,11520.3,87087.5,81368.8,89656.2,0.132,14612.5,92017.2,0.159,6750.0,6671.9,6921.9,7187.5,7109.4,7406.2,0.939
small-64,compute,cuda,fresh-mutable-blocks,64,18.8,18.8,1.0,6020.3,5990.6,6053.1,6542.2,6534.4,6543.8,0.92,12.5,14.1,0.887,5376.6,5371.9,1.001,6.2,7.8,0.795,11462.5,11409.4,11473.4,11953.1,11915.6,12835.9,0.959,14556.2,15535.9,0.937,6734.4,6640.6,6921.9,7140.6,7140.6,7343.8,0.943
small-64,compute,cuda,mutate-blocks,64,17.2,18.8,0.915,3846.9,3818.8,3873.4,4081.2,4070.3,4134.4,0.943,12.5,14.1,0.887,5368.8,5371.9,0.999,6.2,6.2,1.0,9240.6,9237.5,9264.1,9482.8,9401.6,10562.5,0.974,12615.6,13006.2,0.97,6906.2,6875.0,6953.1,7125.0,6875.0,7625.0,0.969
small-64,compute,cuda,root-mutable-blocks,64,18.8,18.8,1.0,725.0,718.8,731.2,768.8,762.5,795.3,0.943,12.5,14.1,0.887,5353.1,5326.6,1.005,6.2,6.2,1.0,6121.9,6114.1,6129.7,6150.0,6125.0,6935.9,0.995,9492.2,9689.1,0.98,7031.2,6671.9,7171.9,7156.2,6843.8,7546.9,0.983
small-64,compute,cuda,root-one-frozen-block,64,17.2,18.8,0.915,725.0,721.9,729.7,651.6,646.9,684.4,1.113,12.5,14.1,0.887,5356.2,5225.0,1.025,6.2,6.2,1.0,6117.2,6100.0,6120.3,5906.2,5881.2,6978.1,1.036,9479.7,9475.0,1.0,7015.6,6687.5,7187.5,7156.2,7109.4,7609.4,0.98
small-64,compute,cuda,root-two-frozen-blocks,64,17.2,18.8,0.915,718.8,715.6,734.4,504.7,501.6,545.3,1.424,12.5,14.1,0.887,5351.6,5154.7,1.038,6.2,6.2,1.0,6101.6,6095.3,6160.9,5695.3,5665.6,6771.9,1.071,9439.1,9260.9,1.019,6953.1,6640.6,7171.9,7140.6,7125.0,7640.6,0.974
small-64,compute,cuda,rotate-frozen-roots,64,17.2,18.8,0.915,601.6,584.4,612.5,206.2,203.1,214.1,2.918,12.5,14.1,0.887,5359.4,4975.0,1.077,6.2,6.2,1.0,5982.8,5967.2,6040.6,5212.5,5209.4,6214.1,1.148,9118.8,8798.4,1.036,6765.6,6640.6,6937.5,7156.2,7093.8,7515.6,0.945
small-64,compute,cuda,rotate-mutable-roots,64,18.8,25.0,0.752,595.3,584.4,598.4,646.9,642.2,682.8,0.92,12.5,14.1,0.887,5371.9,5381.2,0.998,6.2,6.2,1.0,6004.7,5989.1,6007.8,6065.6,6004.7,7065.6,0.99,9314.1,9650.0,0.965,6953.1,6625.0,7187.5,7140.6,7125.0,7609.4,0.974
small-64,compute,cuda,static-frozen-root,64,18.8,18.8,1.0,542.2,542.2,559.4,123.4,121.9,156.2,4.394,12.5,14.1,0.887,5360.9,5046.9,1.062,6.2,6.2,1.0,5937.5,5931.2,5962.5,5206.2,5123.4,6090.6,1.14,9028.1,8709.4,1.037,6734.4,6640.6,7187.5,7109.4,6906.2,7546.9,0.947
small-64,compute,cuda,static-mutable,64,17.2,18.8,0.915,543.8,540.6,560.9,582.8,582.8,589.1,0.933,12.5,14.1,0.887,5345.3,5334.4,1.002,6.2,6.2,1.0,5931.2,5921.9,5935.9,5953.1,5928.1,7093.8,0.996,9040.6,9468.8,0.955,6718.8,6656.2,7171.9,7125.0,7062.5,7437.5,0.943
small-64,compute,cuda,swap-frozen-blocks,64,17.2,18.8,0.915,971.9,964.1,975.0,1054.7,1039.1,1181.2,0.921,12.5,14.1,0.887,5364.1,5178.1,1.036,6.2,6.2,1.0,6378.1,6234.4,6378.1,6290.6,6225.0,7326.6,1.014,9634.4,9878.1,0.975,6921.9,6734.4,7187.5,7140.6,7125.0,7484.4,0.969
small-64,compute,cuda,swap-mutable-blocks,64,18.8,18.8,1.0,973.4,971.9,981.2,1025.0,1017.2,1071.9,0.95,12.5,14.1,0.887,5371.9,5410.9,0.993,6.2,6.2,1.0,6379.7,6367.2,6382.8,6473.4,6375.0,7446.9,0.986,9507.8,9948.4,0.956,6734.4,6640.6,6953.1,7140.6,7109.4,7796.9,0.943
small-64,compute,d3d11,bulk-root-two-frozen-blocks,64,204.7,231.2,0.885,1837.5,1700.0,1925.0,1610.9,1603.1,1631.2,1.141,76.6,75.0,1.021,339.1,354.7,0.956,596.9,520.3,1.147,2968.8,2829.7,3306.2,2798.4,2723.4,2906.2,1.061,259528.1,257787.5,1.007,6178.0,6164.0,6188.5,4412.5,4381.5,4512.0,1.4
small-64,compute,d3d11,fresh-frozen-blocks,64,201.6,198.4,1.016,7753.1,7654.7,7914.1,23784.4,23340.6,24314.1,0.326,76.6,101.6,0.754,298.4,387.5,0.77,545.3,4406.2,0.124,8982.8,8765.6,9060.9,28553.1,26985.9,29293.8,0.315,257406.2,262173.4,0.982,6164.0,6144.0,6208.5,6140.5,6138.0,6272.0,1.004
small-64,compute,d3d11,fresh-mutable-blocks,64,218.8,206.2,1.061,7851.6,7823.4,7967.2,8281.2,8231.2,8545.3,0.948,87.5,78.1,1.12,307.8,315.6,0.975,562.5,540.6,1.041,8859.4,8843.8,9367.2,9648.4,9456.2,10021.9,0.918,257620.3,253690.6,1.015,6148.5,6146.0,6244.0,6142.0,6133.0,6272.0,1.001
small-64,compute,d3d11,mutate-blocks,64,212.5,179.7,1.183,5171.9,5148.4,5292.2,5398.4,5318.8,5832.8,0.958,79.7,76.6,1.04,290.6,321.9,0.903,560.9,532.8,1.053,6379.7,6348.4,6556.2,6953.1,6378.1,6967.2,0.918,254762.5,256117.2,0.995,6168.5,6146.0,6202.5,6144.0,6134.5,6189.0,1.004
small-64,compute,d3d11,root-mutable-blocks,64,201.6,231.2,0.872,1514.1,1479.7,1579.7,1601.6,1589.1,1642.2,0.945,78.1,79.7,0.98,318.8,340.6,0.936,509.4,679.7,0.749,2690.6,2675.0,2892.2,2935.9,2884.4,2993.8,0.916,252443.8,259667.2,0.972,6186.0,6170.5,6199.5,6144.0,6134.0,6275.0,1.007
small-64,compute,d3d11,root-one-frozen-block,64,201.6,215.6,0.935,1543.8,1498.4,1690.6,1540.6,1459.4,1589.1,1.002,84.4,75.0,1.125,323.4,317.2,1.02,542.2,492.2,1.102,2785.9,2557.8,2823.4,2723.4,2409.4,2743.8,1.023,258415.6,251396.9,1.028,6205.5,6160.0,6274.5,5275.0,5250.5,5318.5,1.176
small-64,compute,d3d11,root-two-frozen-blocks,64,220.3,200.0,1.102,1590.6,1571.9,1603.1,1390.6,1331.2,1404.7,1.144,78.1,78.1,1.0,328.1,348.4,0.942,504.7,507.8,0.994,2771.9,2757.8,2892.2,2454.7,2406.2,2673.4,1.129,251293.8,257990.6,0.974,6176.0,6172.5,6277.5,4397.0,4384.0,4419.0,1.405
small-64,compute,d3d11,rotate-frozen-roots,64,215.6,217.2,0.993,2101.6,1990.6,2264.1,509.4,487.5,517.2,4.126,82.8,89.1,0.929,309.4,668.8,0.463,551.6,398.4,1.385,3225.0,3076.6,3559.4,1871.9,1857.8,1896.9,1.723,253420.3,258987.5,0.979,6166.0,6160.5,6272.0,6238.0,6177.5,6272.0,0.988
small-64,compute,d3d11,rotate-mutable-roots,64,215.6,232.8,0.926,2073.4,1973.4,2251.6,2250.0,2204.7,2345.3,0.922,81.2,82.8,0.981,300.0,340.6,0.881,626.6,512.5,1.223,3446.9,3253.1,3560.9,3500.0,3343.8,3614.1,0.985,260389.1,251185.9,1.037,6176.0,6161.5,6180.0,6144.0,6123.5,6200.0,1.005
small-64,compute,d3d11,static-frozen-root,64,204.7,220.3,0.929,1318.8,1293.8,1353.1,176.6,173.4,181.2,7.468,78.1,93.8,0.833,321.9,175.0,1.839,534.4,307.8,1.736,2415.6,2331.2,2554.7,1046.9,1037.5,1106.2,2.307,258379.7,255642.2,1.011,6162.0,6144.0,6272.0,2656.0,2592.0,2656.0,2.32
small-64,compute,d3d11,static-mutable,64,206.2,207.8,0.992,1326.6,1301.6,1390.6,1359.4,1234.4,1385.9,0.976,76.6,78.1,0.981,342.2,328.1,1.043,560.9,581.2,0.965,2568.8,2462.5,2700.0,2571.9,2565.6,2712.5,0.999,259185.9,259640.6,0.998,6166.5,6157.0,6200.0,6142.0,6123.0,6272.0,1.004
small-64,compute,d3d11,swap-frozen-blocks,64,223.4,203.1,1.1,2256.2,2239.1,2451.6,2940.6,2750.0,2993.8,0.767,82.8,79.7,1.039,304.7,462.5,0.659,576.6,926.6,0.622,3590.6,3348.4,3609.4,4642.2,4232.8,4712.5,0.773,251393.8,255296.9,0.985,6149.5,6145.5,6244.0,6182.5,6162.5,6238.0,0.995
small-64,compute,d3d11,swap-mutable-blocks,64,212.5,192.2,1.106,2345.3,2240.6,2410.9,2385.9,2351.6,2576.6,0.983,78.1,79.7,0.98,292.2,326.6,0.895,540.6,639.1,0.846,3348.4,3248.4,3728.1,3854.7,3496.9,4001.6,0.869,253900.0,260576.6,0.974,6144.0,6144.0,6176.0,6145.0,6123.0,6185.0,1.0
small-64,compute,d3d12,bulk-root-two-frozen-blocks,64,34.4,34.4,1.0,2203.1,2201.6,2215.6,1492.2,1475.0,1575.0,1.476,1268.8,1262.5,1.005,493.8,442.2,1.117,6.2,6.2,1.0,4028.1,3942.2,4098.4,3292.2,3282.8,3329.7,1.224,12526.6,9423.4,1.329,7058.0,7013.5,7060.5,4823.0,4800.0,4832.0,1.463
small-64,compute,d3d12,fresh-frozen-blocks,64,32.8,34.4,0.953,6551.6,6490.6,6673.4,10962.5,10201.6,10992.2,0.598,1271.9,1301.6,0.977,481.2,485.9,0.99,6.2,7.8,0.795,8320.3,8284.4,8476.6,12817.2,12040.6,13000.0,0.649,16595.3,22306.2,0.744,7044.5,7018.5,7052.5,7073.0,7014.0,7136.0,0.996
small-64,compute,d3d12,fresh-mutable-blocks,64,31.2,34.4,0.907,6551.6,6532.8,6779.7,7003.1,6871.9,7007.8,0.936,1282.8,1285.9,0.998,493.8,450.0,1.097,6.2,6.2,1.0,8359.4,8267.2,8651.6,8773.4,8698.4,8825.0,0.953,16670.3,17154.7,0.972,7046.5,7036.5,7059.0,7031.5,7001.5,7104.0,1.002
small-64,compute,d3d12,mutate-blocks,64,34.4,34.4,1.0,5256.2,5201.6,5315.6,5428.1,5415.6,5509.4,0.968,1265.6,1268.8,0.997,440.6,448.4,0.983,6.2,6.2,1.0,7087.5,6939.1,7182.8,7218.8,7206.2,7229.7,0.982,15432.8,15560.9,0.992,7040.0,7040.0,7040.0,7054.0,6982.5,7072.0,0.998
small-64,compute,d3d12,root-mutable-blocks,64,34.4,32.8,1.049,1992.2,1984.4,2007.8,2096.9,2056.2,2289.1,0.95,1265.6,1268.8,0.997,492.2,485.9,1.013,6.2,7.8,0.795,3810.9,3693.8,3826.6,3882.8,3776.6,4067.2,0.981,12196.9,12296.9,0.992,7039.5,7025.5,7040.0,7095.0,7007.5,7095.5,0.992
small-64,compute,d3d12,root-one-frozen-block,64,32.8,39.1,0.839,1995.3,1989.1,2001.6,1693.8,1679.7,1696.9,1.178,1270.3,1279.7,0.993,457.8,468.8,0.977,6.2,6.2,1.0,3803.1,3679.7,3804.7,3531.2,3478.1,3567.2,1.077,12268.8,10798.4,1.136,7038.5,7038.5,7040.0,5961.0,5899.0,5971.5,1.181
small-64,compute,d3d12,root-two-frozen-blocks,64,34.4,34.4,1.0,1992.2,1985.9,2220.3,1303.1,1287.5,1307.8,1.529,1267.2,1265.6,1.001,457.8,473.4,0.967,6.2,6.2,1.0,3787.5,3735.9,3951.6,3112.5,3009.4,3112.5,1.217,12284.4,9193.8,1.336,7041.0,7040.0,7043.5,4819.5,4778.5,4827.5,1.461
small-64,compute,d3d12,rotate-frozen-roots,64,34.4,34.4,1.0,1862.5,1843.8,2062.5,304.7,262.5,367.2,6.113,1271.9,1332.8,0.954,445.3,431.2,1.033,6.2,6.2,1.0,3659.4,3606.2,3821.9,2167.2,2128.1,2448.4,1.689,12025.0,10668.8,1.127,7040.0,7040.0,7040.0,7104.0,7021.0,7469.0,0.991
small-64,compute,d3d12,rotate-mutable-roots,64,32.8,37.5,0.875,1881.2,1845.3,1914.1,2240.6,1951.6,2489.1,0.84,1246.9,1279.7,0.974,426.6,500.0,0.853,6.2,7.8,0.795,3606.2,3546.9,3789.1,3982.8,3773.4,4520.3,0.905,11917.2,12223.4,0.975,7040.0,7026.0,7041.5,7046.5,6988.0,7066.0,0.999
small-64,compute,d3d12,static-frozen-root,64,32.8,35.9,0.914,1821.9,1810.9,2028.1,139.1,131.2,170.3,13.098,1270.3,1221.9,1.04,492.2,421.9,1.167,6.2,6.2,1.0,3623.4,3507.8,3876.6,1884.4,1793.8,1929.7,1.923,11996.9,5967.2,2.01,7040.0,7040.0,7046.0,2779.0,2762.0,2812.5,2.533
small-64,compute,d3d12,static-mutable,64,32.8,32.8,1.0,1823.4,1814.1,1825.0,1871.9,1868.8,1906.2,0.974,1265.6,1270.3,0.996,440.6,432.8,1.018,6.2,6.2,1.0,3618.8,3520.3,3665.6,3692.2,3593.8,3820.3,0.98,12004.7,12151.6,0.988,7039.0,7025.0,7044.5,7076.5,6998.0,7101.5,0.995
small-64,compute,d3d12,swap-frozen-blocks,64,32.8,40.6,0.808,2301.6,2245.3,2351.6,2164.1,2042.2,2387.5,1.064,1281.2,1284.4,0.998,453.1,500.0,0.906,6.2,7.8,0.795,4148.4,4007.8,4157.8,3970.3,3860.9,4237.5,1.045,12529.7,12448.4,1.007,7054.0,7021.0,7056.0,7077.0,7008.0,7207.0,0.997
small-64,compute,d3d12,swap-mutable-blocks,64,34.4,32.8,1.049,2359.4,2250.0,2501.6,2485.9,2423.4,2615.6,0.949,1268.8,1265.6,1.003,468.8,484.4,0.968,6.2,6.2,1.0,4209.4,3954.7,4350.0,4335.9,4259.4,4378.1,0.971,12589.1,12712.5,0.99,7040.0,7030.5,7040.0,7050.0,6982.5,7104.0,0.999
small-64,compute,vulkan,bulk-root-two-frozen-blocks,64,39.1,39.1,1.0,1815.6,1792.2,2706.2,1106.2,1087.5,1114.1,1.641,1046.9,1057.8,0.99,342.2,339.1,1.009,6.2,6.2,1.0,3232.8,3226.6,4368.8,2553.1,2531.2,2678.1,1.266,11976.6,7853.1,1.525,7300.0,7296.0,7319.5,3982.0,3936.0,4037.5,1.833
small-64,compute,vulkan,fresh-frozen-blocks,64,37.5,40.6,0.924,7904.7,7850.0,7915.6,14042.2,13510.9,14118.8,0.563,1078.1,1142.2,0.944,353.1,359.4,0.982,6.2,6.2,1.0,9393.8,9375.0,9418.8,15610.9,14998.4,15639.1,0.602,17992.2,24375.0,0.738,7312.5,7308.5,7327.5,5832.0,5821.0,5888.0,1.254
small-64,compute,vulkan,fresh-mutable-blocks,64,40.6,39.1,1.038,8057.8,7865.6,8612.5,8564.1,8317.2,8737.5,0.941,1065.6,1098.4,0.97,348.4,350.0,0.995,6.2,6.2,1.0,9520.3,9326.6,10087.5,10075.0,9834.4,10220.3,0.945,18257.8,18815.6,0.97,7305.5,7305.0,7316.5,7314.5,7296.0,7328.0,0.999
small-64,compute,vulkan,mutate-blocks,64,39.1,40.6,0.963,5606.2,5603.1,5681.2,6176.6,5867.2,6448.4,0.908,1067.2,1098.4,0.972,345.3,339.1,1.018,6.2,6.2,1.0,7081.2,7012.5,7104.7,7659.4,7317.2,7950.0,0.925,15764.1,16284.4,0.968,7309.0,7302.0,7320.0,7318.0,7296.0,7328.0,0.999
small-64,compute,vulkan,root-mutable-blocks,64,39.1,37.5,1.043,1587.5,1575.0,2360.9,1704.7,1654.7,2071.9,0.931,1067.2,1056.2,1.01,335.9,334.4,1.004,6.2,6.2,1.0,3031.2,3028.1,3834.4,3162.5,3079.7,3501.6,0.958,11698.4,11757.8,0.995,7296.0,7296.0,7314.5,7314.5,7291.0,7319.0,0.997
small-64,compute,vulkan,root-one-frozen-block,64,39.1,39.1,1.0,1587.5,1571.9,1590.6,1332.8,1303.1,1362.5,1.191,1053.1,1053.1,1.0,368.8,337.5,1.093,6.2,6.2,1.0,3067.2,3023.4,3118.8,2789.1,2754.7,2879.7,1.1,11698.4,9640.6,1.213,7318.5,7306.0,7323.0,5573.5,5551.5,5586.5,1.313
small-64,compute,vulkan,root-two-frozen-blocks,64,43.8,42.2,1.038,2337.5,1582.8,2342.2,901.6,889.1,906.2,2.593,1062.5,1062.5,1.0,350.0,351.6,0.995,6.2,6.2,1.0,3864.1,3084.4,3879.7,2381.2,2337.5,2404.7,1.623,12350.0,7657.8,1.613,7304.0,7301.5,7305.5,3988.5,3961.0,4032.0,1.831
small-64,compute,vulkan,rotate-frozen-roots,64,42.2,42.2,1.0,2390.6,1442.2,2532.8,295.3,229.7,300.0,8.095,1076.6,1125.0,0.957,343.8,342.2,1.005,6.2,6.2,1.0,3906.2,2931.2,4092.2,1881.2,1754.7,1976.6,2.076,12451.6,9148.4,1.361,7305.0,7296.0,7309.5,5860.5,5855.5,5887.5,1.246
small-64,compute,vulkan,rotate-mutable-roots,64,37.5,39.1,0.959,1523.4,1460.9,2450.0,2093.8,1570.3,2285.9,0.728,1057.8,1068.8,0.99,345.3,343.8,1.004,6.2,6.2,1.0,2960.9,2907.8,4010.9,3559.4,3026.6,3839.1,0.832,11576.6,12212.5,0.948,7307.5,7303.0,7316.0,7317.5,7307.5,7318.5,0.999
small-64,compute,vulkan,static-frozen-root,64,40.6,40.6,1.0,1475.0,1412.5,2068.8,135.9,132.8,143.8,10.854,1087.5,909.4,1.196,353.1,334.4,1.056,6.2,6.2,1.0,2957.8,2901.6,3565.6,1437.5,1401.6,1453.1,2.058,11584.4,4710.9,2.459,7314.0,7307.0,7319.0,1991.0,1986.5,2053.0,3.674
small-64,compute,vulkan,static-mutable,64,35.9,37.5,0.957,1382.8,1367.2,1404.7,1453.1,1443.8,1876.6,0.952,1048.4,1056.2,0.993,350.0,331.2,1.057,6.2,6.2,1.0,2846.9,2826.6,2853.1,2895.3,2879.7,3387.5,0.983,11496.9,11684.4,0.984,7313.0,7308.0,7321.5,7305.0,7305.0,7328.0,1.001
small-64,compute,vulkan,swap-frozen-blocks,64,39.1,39.1,1.0,2345.3,1907.8,2704.7,1900.0,1545.3,1976.6,1.234,1053.1,1103.1,0.955,345.3,343.8,1.004,6.2,6.2,1.0,3729.7,3321.9,4168.8,3471.9,2995.3,3498.4,1.074,12401.6,10620.3,1.168,7296.5,7296.0,7322.5,5856.0,5824.0,5888.0,1.246
small-64,compute,vulkan,swap-mutable-blocks,64,39.1,39.1,1.0,1925.0,1850.0,1925.0,2039.1,2021.9,2051.6,0.944,1051.6,1073.4,0.98,346.9,335.9,1.033,6.2,6.2,1.0,3357.8,3285.9,3376.6,3509.4,3489.1,3515.6,0.957,11957.8,12178.1,0.982,7310.0,7300.5,7318.0,7328.0,7301.0,7328.0,0.998
small-64,compute,wgpu,bulk-root-two-frozen-blocks,64,162.5,175.0,0.929,20895.3,20210.9,23553.1,19490.6,18985.9,28393.8,1.072,1764.1,1710.9,1.031,9743.8,3378.1,2.884,570.3,331.2,1.722,32848.4,32450.0,37460.9,25434.4,24342.2,34021.9,1.291,32923.4,26900.0,1.224,-1.0,-1.0,-1.0,-1.0,-1.0,-1.0,
small-64,compute,wgpu,fresh-frozen-blocks,64,164.1,175.0,0.938,27467.2,26926.6,29835.9,40793.8,39943.8,41139.1,0.673,1718.8,1781.2,0.965,9579.7,10023.4,0.956,556.2,2229.7,0.249,39728.1,39451.6,42415.6,54832.8,54714.1,55665.6,0.725,39803.1,54910.9,0.725,-1.0,-1.0,-1.0,-1.0,-1.0,-1.0,
small-64,compute,wgpu,fresh-mutable-blocks,64,164.1,181.2,0.906,26745.3,26337.5,28650.0,28548.4,28173.4,29493.8,0.937,1684.4,1662.5,1.013,10031.2,9539.1,1.052,553.1,581.2,0.952,38943.8,38675.0,41053.1,40575.0,40312.5,41559.4,0.96,39017.2,40651.6,0.96,-1.0,-1.0,-1.0,-1.0,-1.0,-1.0,
small-64,compute,wgpu,mutate-blocks,64,165.6,175.0,0.946,24646.9,24214.1,26703.1,26135.9,25751.6,26443.8,0.943,1662.5,1740.6,0.955,9834.4,9693.8,1.015,550.0,575.0,0.957,37153.1,36600.0,39409.4,38364.1,37931.2,38581.2,0.968,37232.8,38440.6,0.969,-1.0,-1.0,-1.0,-1.0,-1.0,-1.0,
small-64,compute,wgpu,root-mutable-blocks,64,167.2,173.4,0.964,20828.1,20454.7,23651.6,22165.6,21337.5,22325.0,0.94,1693.8,1721.9,0.984,9382.8,3539.1,2.651,553.1,579.7,0.954,32742.2,32571.9,37445.3,29239.1,27732.8,29843.8,1.12,32821.9,30989.1,1.059,-1.0,-1.0,-1.0,-1.0,-1.0,-1.0,
small-64,compute,wgpu,root-one-frozen-block,64,160.9,171.9,0.936,20893.8,20539.1,22876.6,21575.0,21137.5,27273.4,0.968,1681.2,1704.7,0.986,10103.1,9571.9,1.055,575.0,503.1,1.143,33429.7,33346.9,35387.5,33615.6,31817.2,40839.1,0.994,33506.2,33696.9,0.994,-1.0,-1.0,-1.0,-1.0,-1.0,-1.0,
small-64,compute,wgpu,root-two-frozen-blocks,64,165.6,173.4,0.955,20632.8,20179.7,21560.9,19125.0,18537.5,27731.2,1.079,1679.7,1737.5,0.967,10056.2,9528.1,1.055,568.8,332.8,1.709,33250.0,32832.8,33414.1,30740.6,30301.6,39362.5,1.082,33325.0,30828.1,1.081,-1.0,-1.0,-1.0,-1.0,-1.0,-1.0,
small-64,compute,wgpu,rotate-frozen-roots,64,167.2,170.3,0.982,20840.6,20687.5,23782.8,317.2,292.2,351.6,65.702,1715.6,1903.1,0.901,9640.6,8287.5,1.163,568.8,173.4,3.28,33323.4,32753.1,38001.6,10873.4,10557.8,11203.1,3.065,33398.4,10959.4,3.047,-1.0,-1.0,-1.0,-1.0,-1.0,-1.0,
small-64,compute,wgpu,rotate-mutable-roots,64,168.8,175.0,0.965,21248.4,20478.1,25593.8,21937.5,21934.4,24253.1,0.969,1693.8,1690.6,1.002,10200.0,9946.9,1.025,557.8,571.9,0.975,33031.2,32981.2,39695.3,35218.8,34109.4,37435.9,0.938,33106.2,35298.4,0.938,-1.0,-1.0,-1.0,-1.0,-1.0,-1.0,
small-64,compute,wgpu,static-frozen-root,64,171.9,167.2,1.028,20409.4,19781.2,22257.8,148.4,146.9,154.7,137.53,1735.9,1060.9,1.636,9773.4,7689.1,1.271,557.8,145.3,3.839,33150.0,32428.1,34942.2,9235.9,9010.9,9429.7,3.589,33226.6,9325.0,3.563,-1.0,-1.0,-1.0,-1.0,-1.0,-1.0,
small-64,compute,wgpu,static-mutable,64,173.4,171.9,1.009,20350.0,20154.7,22598.4,21965.6,20770.3,30148.4,0.926,1776.6,1684.4,1.055,9632.8,9732.8,0.99,592.2,568.8,1.041,32671.9,32542.2,35085.9,33085.9,33081.2,41995.3,0.987,32748.4,33170.3,0.987,-1.0,-1.0,-1.0,-1.0,-1.0,-1.0,
small-64,compute,wgpu,swap-frozen-blocks,64,168.8,179.7,0.939,20806.2,20637.5,25878.1,19789.1,19329.7,22278.1,1.051,1710.9,1793.8,0.954,9746.9,10659.4,0.914,567.2,428.1,1.325,33401.6,33131.2,39407.8,33448.4,32312.5,35584.4,0.999,33853.1,33560.9,1.009,-1.0,-1.0,-1.0,-1.0,-1.0,-1.0,
small-64,compute,wgpu,swap-mutable-blocks,64,165.6,167.2,0.99,21295.3,20785.9,24779.7,22853.1,21889.1,26931.2,0.932,1748.4,1704.7,1.026,9625.0,9960.9,0.966,559.4,570.3,0.981,33443.8,32953.1,36975.0,34445.3,34281.2,41687.5,0.971,33521.9,34550.0,0.97,-1.0,-1.0,-1.0,-1.0,-1.0,-1.0,
small-64,graphics,d3d11,bulk-root-two-frozen-blocks,64,196.9,225.0,0.875,1945.3,1865.6,2614.1,1782.8,1770.3,1798.4,1.091,82.8,75.0,1.104,573.4,503.1,1.14,681.2,598.4,1.138,3406.2,3309.4,4437.5,3306.2,3217.2,3362.5,1.03,253614.1,254946.9,0.995,192.0,192.0,193.0,128.0,128.0,128.0,1.5
small-64,graphics,d3d11,fresh-frozen-blocks,64,167.2,206.2,0.811,8240.6,8062.5,8454.7,23059.4,21509.4,24446.9,0.357,82.8,73.4,1.128,551.6,442.2,1.247,784.4,4270.3,0.184,9457.8,9273.4,10159.4,28107.8,27704.7,30231.2,0.336,258223.4,259407.8,0.995,253.5,250.0,256.0,250.5,245.0,256.0,1.012
small-64,graphics,d3d11,fresh-mutable-blocks,64,204.7,228.1,0.897,8431.2,8257.8,8593.8,8431.2,8203.1,8907.8,1.0,110.9,85.9,1.291,623.4,450.0,1.385,634.4,548.4,1.157,10162.5,9746.9,10800.0,9954.7,9568.8,10498.4,1.021,254798.4,245896.9,1.036,249.0,245.0,256.0,246.0,245.5,255.5,1.012
small-64,graphics,d3d11,mutate-blocks,64,196.9,221.9,0.887,5578.1,5465.6,5968.8,5621.9,5487.5,5717.2,0.992,81.2,73.4,1.106,504.7,478.1,1.056,876.6,659.4,1.329,7020.3,6645.3,8235.9,7087.5,6760.9,7128.1,0.991,255639.1,250578.1,1.02,250.0,248.5,252.5,256.0,251.5,256.0,0.977
small-64,graphics,d3d11,root-mutable-blocks,64,192.2,225.0,0.854,1865.6,1767.2,2853.1,1840.6,1817.2,1881.2,1.014,79.7,82.8,0.963,535.9,557.8,0.961,557.8,590.6,0.944,3296.9,3235.9,4653.1,3243.8,3184.4,3526.6,1.016,253656.2,253998.4,0.999,192.0,192.0,197.0,192.0,188.5,192.0,1.0
small-64,graphics,d3d11,root-one-frozen-block,64,215.6,198.4,1.087,1895.3,1820.3,2187.5,1789.1,1714.1,1829.7,1.059,89.1,79.7,1.118,576.6,523.4,1.102,526.6,615.6,0.855,3395.3,3304.7,4151.6,3162.5,2992.2,3287.5,1.074,254251.6,253279.7,1.004,191.5,189.0,196.0,154.5,154.5,160.0,1.239
small-64,graphics,d3d11,root-two-frozen-blocks,64,198.4,190.6,1.041,1914.1,1782.8,2100.0,1542.2,1493.8,1578.1,1.241,85.9,75.0,1.145,553.1,531.2,1.041,698.4,692.2,1.009,3718.8,3143.8,3814.1,2929.7,2895.3,3018.8,1.269,254060.9,252787.5,1.005,191.0,189.0,191.5,128.0,117.5,128.0,1.492
small-64,graphics,d3d11,rotate-frozen-roots,64,203.1,193.8,1.048,2356.2,2315.6,3020.3,826.6,768.8,829.7,2.85,79.7,81.2,0.982,531.2,873.4,0.608,756.2,510.9,1.48,3995.3,3773.4,5185.9,2503.1,2492.2,2546.9,1.596,254523.4,256945.3,0.991,252.0,251.0,256.0,255.5,250.5,256.0,0.986
small-64,graphics,d3d11,rotate-mutable-roots,64,212.5,223.4,0.951,2442.2,2404.7,2956.2,2748.4,2371.9,2757.8,0.889,112.5,84.4,1.333,551.6,515.6,1.07,806.2,506.2,1.593,4128.1,3678.1,4831.2,4098.4,3856.2,4231.2,1.007,251596.9,250962.5,1.003,248.0,247.0,254.0,254.5,239.0,256.0,0.974
small-64,graphics,d3d11,static-frozen-root,64,200.0,225.0,0.889,1537.5,1478.1,1698.4,471.9,467.2,496.9,3.258,78.1,85.9,0.909,543.8,290.6,1.871,626.6,470.3,1.332,3059.4,2993.8,3759.4,1690.6,1392.2,1845.3,1.81,253815.6,254503.1,0.997,191.5,184.5,192.0,119.5,111.5,126.0,1.603
small-64,graphics,d3d11,static-mutable,64,200.0,206.2,0.97,1607.8,1601.6,1846.9,1553.1,1489.1,1571.9,1.035,82.8,71.9,1.152,565.6,504.7,1.121,570.3,518.8,1.099,3089.1,3046.9,3921.9,2864.1,2748.4,3184.4,1.079,242204.7,255251.6,0.949,192.0,191.0,192.0,190.0,186.0,196.5,1.011
small-64,graphics,d3d11,swap-frozen-blocks,64,193.8,235.9,0.822,2542.2,2493.8,2926.6,3082.8,3018.8,3464.1,0.825,79.7,87.5,0.911,532.8,634.4,0.84,781.2,981.2,0.796,4217.2,4129.7,4753.1,5009.4,4967.2,5557.8,0.842,254926.6,255392.2,0.998,246.5,239.0,247.0,255.5,255.5,258.5,0.965
small-64,graphics,d3d11,swap-mutable-blocks,64,195.3,228.1,0.856,2560.9,2415.6,3140.6,2698.4,2664.1,2928.1,0.949,87.5,76.6,1.142,585.9,484.4,1.21,784.4,818.8,0.958,4028.1,3957.8,4932.8,4275.0,4079.7,4579.7,0.942,256487.5,249317.2,1.029,248.5,245.0,254.5,253.0,247.5,256.0,0.982
small-64,graphics,d3d12,bulk-root-two-frozen-blocks,64,12.5,14.1,0.887,2235.9,2225.0,2239.1,1487.5,1484.4,1496.9,1.503,332.8,335.9,0.991,328.1,321.9,1.019,4.7,6.2,0.758,2912.5,2901.6,2925.0,2167.2,2148.4,2198.4,1.344,4151.6,3332.8,1.246,187.5,186.0,192.0,123.0,123.0,128.0,1.524
small-64,graphics,d3d12,fresh-frozen-blocks,64,14.1,14.1,1.0,6634.4,6564.1,6679.7,10068.8,10064.1,10110.9,0.659,346.9,378.1,0.917,345.3,362.5,0.953,4.7,4.7,1.0,7335.9,7314.1,7376.6,10820.3,10815.6,10860.9,0.678,8581.2,12892.2,0.666,192.0,174.5,193.0,186.0,185.5,191.0,1.032
small-64,graphics,d3d12,fresh-mutable-blocks,64,14.1,12.5,1.128,6593.8,6590.6,6612.5,6873.4,6843.8,6904.7,0.959,348.4,353.1,0.987,345.3,340.6,1.014,4.7,6.2,0.758,7303.1,7300.0,7320.3,7581.2,7537.5,7612.5,0.963,8540.6,8826.6,0.968,188.5,186.0,190.0,183.0,182.5,189.0,1.03
small-64,graphics,d3d12,mutate-blocks,64,14.1,14.1,1.0,5296.9,5268.8,5309.4,5418.8,5409.4,5460.9,0.978,337.5,340.6,0.991,332.8,334.4,0.995,4.7,6.2,0.758,5975.0,5971.9,5984.4,6131.2,6129.7,6157.8,0.975,7212.5,7406.2,0.974,187.0,182.0,192.0,191.0,190.0,192.0,0.979
small-64,graphics,d3d12,root-mutable-blocks,64,12.5,14.1,0.887,2017.2,2012.5,2018.8,2081.2,2078.1,2090.6,0.969,329.7,334.4,0.986,329.7,325.0,1.014,4.7,6.2,0.758,2701.6,2681.2,2717.2,2760.9,2751.6,2764.1,0.979,3935.9,4029.7,0.977,192.0,188.5,192.0,192.0,192.0,192.0,1.0
small-64,graphics,d3d12,root-one-frozen-block,64,14.1,14.1,1.0,2015.6,2012.5,2028.1,1693.8,1687.5,1695.3,1.19,328.1,334.4,0.981,328.1,321.9,1.019,3.1,6.2,0.5,2700.0,2684.4,2707.8,2371.9,2364.1,2381.2,1.138,3939.1,3573.4,1.102,189.5,188.0,192.0,156.0,155.5,160.0,1.215
small-64,graphics,d3d12,root-two-frozen-blocks,64,14.1,12.5,1.128,2017.2,2015.6,2020.3,1296.9,1292.2,1306.2,1.555,332.8,335.9,0.991,328.1,321.9,1.019,4.7,4.7,1.0,2700.0,2689.1,2704.7,1970.3,1965.6,2025.0,1.37,3951.6,3175.0,1.245,192.0,188.5,192.0,126.0,125.5,128.0,1.524
small-64,graphics,d3d12,rotate-frozen-roots,64,12.5,12.5,1.0,1865.6,1862.5,1865.6,259.4,259.4,262.5,7.192,331.2,370.3,0.894,329.7,320.3,1.029,4.7,4.7,1.0,2550.0,2537.5,2554.7,964.1,962.5,982.8,2.645,3778.1,2226.6,1.697,191.0,185.5,192.0,192.0,192.0,192.0,0.995
small-64,graphics,d3d12,rotate-mutable-roots,64,14.1,14.1,1.0,1860.9,1860.9,1867.2,1928.1,1917.2,1928.1,0.965,334.4,342.2,0.977,325.0,328.1,0.991,4.7,4.7,1.0,2543.8,2535.9,2545.3,2614.1,2603.1,2643.8,0.973,3782.8,3854.7,0.981,189.5,189.5,191.0,186.5,176.5,192.0,1.016
small-64,graphics,d3d12,static-frozen-root,64,12.5,12.5,1.0,1837.5,1835.9,1850.0,181.2,176.6,185.9,10.141,328.1,295.3,1.111,326.6,317.2,1.03,3.1,4.7,0.66,2507.8,2496.9,2521.9,810.9,804.7,831.2,3.093,3756.2,1985.9,1.891,187.5,186.5,192.0,122.5,115.5,124.0,1.531
small-64,graphics,d3d12,static-mutable,64,12.5,12.5,1.0,1839.1,1832.8,1842.2,1882.8,1879.7,1889.1,0.977,326.6,332.8,0.981,326.6,318.8,1.024,3.1,6.2,0.5,2512.5,2501.6,2514.1,2559.4,2545.3,2560.9,0.982,3739.1,3800.0,0.984,192.0,192.0,192.0,192.0,188.0,192.0,1.0
small-64,graphics,d3d12,swap-frozen-blocks,64,12.5,14.1,0.887,2276.6,2264.1,2281.2,1889.1,1882.8,1896.9,1.205,331.2,342.2,0.968,331.2,326.6,1.014,4.7,6.2,0.758,2954.7,2950.0,2967.2,2581.2,2571.9,2581.2,1.145,4187.5,3954.7,1.059,192.0,192.0,192.0,192.0,186.5,192.0,1.0
small-64,graphics,d3d12,swap-mutable-blocks,64,14.1,12.5,1.128,2276.6,2275.0,2279.7,2335.9,2325.0,2343.8,0.975,329.7,342.2,0.963,332.8,328.1,1.014,3.1,4.7,0.66,2959.4,2951.6,2964.1,3029.7,3017.2,3050.0,0.977,4196.9,4257.8,0.986,186.5,181.5,191.0,191.0,188.0,192.0,0.976
small-64,graphics,vulkan,bulk-root-two-frozen-blocks,64,10.9,10.9,1.0,1809.4,1801.6,1826.6,1139.1,1101.6,1143.8,1.588,365.6,345.3,1.059,257.8,257.8,1.0,4.7,4.7,1.0,2445.3,2443.8,2465.6,1768.8,1718.8,1773.4,1.382,3771.9,3037.5,1.242,280.0,275.0,288.0,181.5,169.5,189.0,1.543
small-64,graphics,vulkan,fresh-frozen-blocks,64,12.5,12.5,1.0,7903.1,7896.9,7935.9,13668.8,13264.1,15559.4,0.578,379.7,412.5,0.92,271.9,287.5,0.946,4.7,4.7,1.0,8593.8,8571.9,8610.9,14378.1,13973.4,16343.8,0.598,9929.7,17082.8,0.581,268.5,268.5,274.0,224.0,224.0,224.0,1.199
small-64,graphics,vulkan,fresh-mutable-blocks,64,10.9,12.5,0.872,7862.5,7831.2,7879.7,8437.5,8307.8,9100.0,0.932,382.8,387.5,0.988,273.4,276.6,0.988,4.7,4.7,1.0,8568.8,8492.2,8573.4,9125.0,8970.3,9867.2,0.939,9925.0,10412.5,0.953,264.0,256.0,268.5,274.0,256.0,278.5,0.964
small-64,graphics,vulkan,mutate-blocks,64,12.5,14.1,0.887,5656.2,5628.1,5667.2,6056.2,5884.4,6198.4,0.934,371.9,392.2,0.948,262.5,270.3,0.971,4.7,4.7,1.0,6292.2,6279.7,6401.6,6731.2,6529.7,6898.4,0.935,7639.1,8160.9,0.936,269.0,262.5,272.0,261.5,256.0,276.5,1.029
small-64,graphics,vulkan,root-mutable-blocks,64,10.9,10.9,1.0,1620.3,1615.6,1625.0,1704.7,1687.5,1739.1,0.95,368.8,367.2,1.004,256.2,257.8,0.994,4.7,4.7,1.0,2264.1,2240.6,2267.2,2345.3,2314.1,2412.5,0.965,3573.4,3692.2,0.968,263.0,260.5,265.0,264.0,259.0,270.0,0.996
small-64,graphics,vulkan,root-one-frozen-block,64,12.5,10.9,1.147,1615.6,1610.9,1617.2,1343.8,1326.6,1400.0,1.202,364.1,357.8,1.018,259.4,259.4,1.0,4.7,4.7,1.0,2256.2,2253.1,2276.6,1984.4,1946.9,2085.9,1.137,3589.1,3364.1,1.067,268.5,264.5,272.0,224.0,217.5,224.0,1.199
small-64,graphics,vulkan,root-two-frozen-blocks,64,10.9,12.5,0.872,1617.2,1606.2,1618.8,934.4,917.2,934.4,1.731,370.3,346.9,1.067,260.9,256.2,1.018,4.7,4.7,1.0,2254.7,2254.7,2262.5,1546.9,1517.2,1562.5,1.458,3575.0,2814.1,1.27,262.0,262.0,266.5,177.5,171.5,178.5,1.476
small-64,graphics,vulkan,rotate-frozen-roots,64,10.9,10.9,1.0,1473.4,1467.2,1475.0,312.5,267.2,507.8,4.715,373.4,385.9,0.968,253.1,259.4,0.976,4.7,4.7,1.0,2128.1,2112.5,2132.8,987.5,904.7,1662.5,2.155,3442.2,2373.4,1.45,273.5,261.0,278.0,226.5,224.0,234.5,1.208
small-64,graphics,vulkan,rotate-mutable-roots,64,10.9,12.5,0.872,1470.3,1468.8,1484.4,1556.2,1548.4,2726.6,0.945,365.6,375.0,0.975,262.5,260.9,1.006,4.7,4.7,1.0,2118.8,2114.1,2142.2,2204.7,2198.4,3376.6,0.961,3435.9,3575.0,0.961,259.5,256.0,281.0,261.5,258.5,280.5,0.992
small-64,graphics,vulkan,static-frozen-root,64,10.9,12.5,0.872,1418.8,1403.1,1425.0,187.5,184.4,195.3,7.567,360.9,278.1,1.298,251.6,245.3,1.026,4.7,4.7,1.0,2050.0,2031.2,2053.1,737.5,706.2,792.2,2.78,3379.7,1939.1,1.743,264.5,261.5,273.0,147.5,142.0,156.5,1.793
small-64,graphics,vulkan,static-mutable,64,10.9,10.9,1.0,1417.2,1415.6,1425.0,1500.0,1471.9,1534.4,0.945,359.4,365.6,0.983,260.9,259.4,1.006,4.7,4.7,1.0,2053.1,2053.1,2056.2,2148.4,2101.6,2203.1,0.956,3362.5,3482.8,0.965,259.5,257.0,275.0,264.0,260.0,286.5,0.983
small-64,graphics,vulkan,swap-frozen-blocks,64,10.9,10.9,1.0,1892.2,1885.9,1900.0,1659.4,1498.4,2596.9,1.14,398.4,362.5,1.099,262.5,259.4,1.012,4.7,4.7,1.0,2560.9,2518.8,2562.5,2282.8,2120.3,3587.5,1.122,3862.5,3656.2,1.056,263.5,259.5,268.5,226.0,224.0,233.5,1.166
small-64,graphics,vulkan,swap-mutable-blocks,64,10.9,10.9,1.0,1892.2,1882.8,1901.6,2053.1,1975.0,2664.1,0.922,368.8,376.6,0.979,256.2,267.2,0.959,4.7,4.7,1.0,2539.1,2523.4,2545.3,2806.2,2614.1,3323.4,0.905,3851.6,4089.1,0.942,273.5,262.5,283.5,265.5,256.0,288.0,1.03
small-64,graphics,wgpu,bulk-root-two-frozen-blocks,64,106.2,112.5,0.944,20725.0,20610.9,21323.4,18981.2,18709.4,19745.3,1.092,1015.6,984.4,1.032,7431.2,900.0,8.257,607.8,381.2,1.594,29748.4,29653.1,29793.8,21437.5,21010.9,22157.8,1.388,29826.6,22595.3,1.32,-1.0,-1.0,-1.0,-1.0,-1.0,-1.0,
small-64,graphics,wgpu,fresh-frozen-blocks,64,107.8,107.8,1.0,27234.4,27164.1,27601.6,38606.2,38060.9,38703.1,0.705,984.4,1093.8,0.9,7271.9,7562.5,0.962,609.4,2312.5,0.264,36548.4,36410.9,36615.6,50464.1,49246.9,51035.9,0.724,36628.1,50562.5,0.724,-1.0,-1.0,-1.0,-1.0,-1.0,-1.0,
small-64,graphics,wgpu,fresh-mutable-blocks,64,107.8,109.4,0.985,27382.8,27146.9,27584.4,27507.8,27315.6,28148.4,0.995,990.6,976.6,1.014,7375.0,7262.5,1.015,635.9,612.5,1.038,36525.0,36092.2,36792.2,36823.4,36229.7,37120.3,0.992,36607.8,36942.2,0.991,-1.0,-1.0,-1.0,-1.0,-1.0,-1.0,
small-64,graphics,wgpu,mutate-blocks,64,110.9,112.5,0.986,24921.9,24854.7,24992.2,25354.7,25214.1,25964.1,0.983,1028.1,992.2,1.036,7357.8,7331.2,1.004,607.8,618.8,0.982,34157.8,33862.5,34290.6,34651.6,34256.2,36282.8,0.986,34243.8,34728.1,0.986,-1.0,-1.0,-1.0,-1.0,-1.0,-1.0,
small-64,graphics,wgpu,root-mutable-blocks,64,135.9,118.8,1.144,20848.4,20614.1,21143.8,20728.1,20368.8,21942.2,1.006,973.4,989.1,0.984,6925.0,975.0,7.103,620.3,626.6,0.99,29725.0,29501.6,30223.4,23437.5,23165.6,25107.8,1.268,29823.4,24498.4,1.217,-1.0,-1.0,-1.0,-1.0,-1.0,-1.0,
small-64,graphics,wgpu,root-one-frozen-block,64,121.9,110.9,1.099,20681.2,20551.6,20856.2,21409.4,20126.6,21601.6,0.966,990.6,982.8,1.008,7185.9,6996.9,1.027,603.1,498.4,1.21,29803.1,29768.8,29837.5,29903.1,28535.9,30245.3,0.997,29862.5,29979.7,0.996,-1.0,-1.0,-1.0,-1.0,-1.0,-1.0,
small-64,graphics,wgpu,root-two-frozen-blocks,64,107.8,109.4,0.985,20675.0,20585.9,20985.9,19100.0,18787.5,19592.2,1.082,990.6,976.6,1.014,7328.1,7164.1,1.023,614.1,378.1,1.624,29668.8,29437.5,30148.4,28089.1,27831.2,28571.9,1.056,29751.6,28168.8,1.056,-1.0,-1.0,-1.0,-1.0,-1.0,-1.0,
small-64,graphics,wgpu,rotate-frozen-roots,64,121.9,128.1,0.952,21175.0,20901.6,22039.1,687.5,567.2,696.9,30.8,1023.4,1329.7,0.77,7237.5,7250.0,0.998,609.4,226.6,2.689,29856.2,29795.3,31046.9,9615.6,9043.8,10312.5,3.105,29937.5,9692.2,3.089,-1.0,-1.0,-1.0,-1.0,-1.0,-1.0,
small-64,graphics,wgpu,rotate-mutable-roots,64,107.8,125.0,0.862,21006.2,20489.1,21425.0,21804.7,20829.7,23042.2,0.963,1017.2,993.8,1.024,7442.2,7843.8,0.949,626.6,650.0,0.964,30289.1,29703.1,30584.4,32045.3,30775.0,32875.0,0.945,30365.6,32118.8,0.945,-1.0,-1.0,-1.0,-1.0,-1.0,-1.0,
small-64,graphics,wgpu,static-frozen-root,64,106.2,126.6,0.839,20167.2,20154.7,21515.6,429.7,425.0,437.5,46.933,982.8,353.1,2.783,7059.4,7295.3,0.968,607.8,214.1,2.839,29176.6,29023.4,30992.2,8432.8,8050.0,8564.1,3.46,29256.2,8520.3,3.434,-1.0,-1.0,-1.0,-1.0,-1.0,-1.0,
small-64,graphics,wgpu,static-mutable,64,106.2,110.9,0.958,21045.3,20404.7,21048.4,22142.2,20326.6,30196.9,0.95,981.2,978.1,1.003,7189.1,7103.1,1.012,610.9,690.6,0.885,30068.8,28848.4,30107.8,31031.2,29260.9,39046.9,0.969,30146.9,31106.2,0.969,-1.0,-1.0,-1.0,-1.0,-1.0,-1.0,
small-64,graphics,wgpu,swap-frozen-blocks,64,106.2,112.5,0.944,21396.9,20771.9,21443.8,19909.4,19385.9,20557.8,1.075,1017.2,1159.4,0.877,7171.9,7539.1,0.951,603.1,459.4,1.313,29914.1,29718.8,30089.1,29326.6,28406.2,29864.1,1.02,29993.8,29401.6,1.02,-1.0,-1.0,-1.0,-1.0,-1.0,-1.0,
small-64,graphics,wgpu,swap-mutable-blocks,64,107.8,110.9,0.972,21312.5,20878.1,21325.0,21598.4,21587.5,23410.9,0.987,979.7,1000.0,0.98,7165.6,7503.1,0.955,596.9,654.7,0.912,29982.8,29931.2,30809.4,31268.8,30306.2,33343.8,0.959,30060.9,31376.6,0.958,-1.0,-1.0,-1.0,-1.0,-1.0,-1.0,
small-64,ray-tracing,cuda,bulk-root-two-frozen-blocks,64,20.3,21.9,0.927,1062.5,1056.2,1064.1,862.5,843.8,864.1,1.232,12.5,12.5,1.0,8807.8,8629.7,1.021,6.2,7.8,0.795,9915.6,9915.6,9984.4,9520.3,9471.9,9895.3,1.042,28706.2,28339.1,1.013,18343.8,18281.2,18375.0,18328.1,18296.9,18468.8,1.001
small-64,ray-tracing,cuda,fresh-frozen-blocks,64,21.9,21.9,1.0,6240.6,6220.3,6253.1,80085.9,74921.9,91485.9,0.078,12.5,17.2,0.727,8860.9,9590.6,0.924,7.8,7.8,1.0,15120.3,15115.6,15209.4,89917.2,84468.8,101307.8,0.168,33971.9,110110.9,0.309,18375.0,18265.6,18375.0,18328.1,18265.6,18359.4,1.003
small-64,ray-tracing,cuda,fresh-mutable-blocks,64,21.9,21.9,1.0,6181.2,6168.8,6235.9,6720.3,6682.8,6739.1,0.92,12.5,12.5,1.0,8835.9,8878.1,0.995,7.8,7.8,1.0,15093.8,15025.0,15103.1,15653.1,15590.6,16112.5,0.964,33881.2,34437.5,0.984,18375.0,18296.9,18375.0,18390.6,18234.4,18406.2,0.999
small-64,ray-tracing,cuda,mutate-blocks,64,20.3,21.9,0.927,3985.9,3981.2,4023.4,4251.6,4242.2,4287.5,0.938,14.1,12.5,1.128,8889.1,8818.8,1.008,6.2,7.8,0.795,12893.8,12879.7,12935.9,13125.0,13112.5,13393.8,0.982,31785.9,31956.2,0.995,18328.1,18328.1,18421.9,18359.4,18250.0,18437.5,0.998
small-64,ray-tracing,cuda,root-mutable-blocks,64,21.9,23.4,0.936,868.8,868.8,876.6,942.2,932.8,946.9,0.922,12.5,12.5,1.0,8851.6,8806.2,1.005,6.2,7.8,0.795,9767.2,9740.6,9871.9,9787.5,9759.4,10029.7,0.998,28537.5,28623.4,0.997,18343.8,18328.1,18359.4,18343.8,18234.4,18359.4,1.0
small-64,ray-tracing,cuda,root-one-frozen-block,64,21.9,21.9,1.0,871.9,865.6,881.2,806.2,804.7,818.8,1.081,12.5,12.5,1.0,8885.9,8698.4,1.022,7.8,6.2,1.258,9796.9,9728.1,9810.9,9550.0,9548.4,9728.1,1.026,28653.1,28381.2,1.01,18328.1,18265.6,18359.4,18312.5,18234.4,18343.8,1.001
small-64,ray-tracing,cuda,root-two-frozen-blocks,64,21.9,21.9,1.0,881.2,876.6,881.2,650.0,648.4,668.8,1.356,12.5,12.5,1.0,8887.5,8621.9,1.031,7.8,7.8,1.0,9810.9,9803.1,9815.6,9329.7,9279.7,9856.2,1.052,28609.4,28098.4,1.018,18375.0,18265.6,18375.0,18359.4,18265.6,18421.9,1.001
small-64,ray-tracing,cuda,rotate-frozen-roots,64,20.3,21.9,0.927,779.7,739.1,779.7,235.9,232.8,237.5,3.305,12.5,14.1,0.887,8843.8,8470.3,1.044,6.2,6.2,1.0,9660.9,9650.0,9675.0,8756.2,8729.7,9039.1,1.103,28432.8,27568.8,1.031,18343.8,18250.0,18343.8,18343.8,18265.6,18375.0,1.0
small-64,ray-tracing,cuda,rotate-mutable-roots,64,21.9,26.6,0.823,767.2,746.9,785.9,893.8,884.4,937.5,0.858,12.5,14.1,0.887,8857.8,8832.8,1.003,6.2,6.2,1.0,9667.2,9645.3,9706.2,9981.2,9742.2,10032.8,0.969,28528.1,28650.0,0.996,18390.6,18296.9,18421.9,18359.4,18265.6,18437.5,1.002
small-64,ray-tracing,cuda,static-frozen-root,64,21.9,21.9,1.0,679.7,676.6,681.2,132.8,131.2,137.5,5.118,12.5,12.5,1.0,8837.5,8429.7,1.048,6.2,7.8,0.795,9560.9,9521.9,9606.2,8604.7,8548.4,9076.6,1.111,28370.3,27393.8,1.036,18359.4,18281.2,18390.6,18328.1,18281.2,18375.0,1.002
small-64,ray-tracing,cuda,static-mutable,64,21.9,21.9,1.0,684.4,684.4,684.4,745.3,737.5,746.9,0.918,12.5,12.5,1.0,8856.2,8784.4,1.008,6.2,6.2,1.0,9576.6,9515.6,9623.4,9573.4,9539.1,9737.5,1.0,28395.3,28343.8,1.002,18359.4,18281.2,18359.4,18328.1,18265.6,18359.4,1.002
small-64,ray-tracing,cuda,swap-frozen-blocks,64,21.9,21.9,1.0,1126.6,1118.8,1132.8,1257.8,1250.0,1281.2,0.896,12.5,14.1,0.887,8862.5,8690.6,1.02,6.2,6.2,1.0,10029.7,10023.4,10134.4,9971.9,9925.0,10382.8,1.006,28900.0,29015.6,0.996,18359.4,18312.5,18421.9,18343.8,18328.1,18406.2,1.001
small-64,ray-tracing,cuda,swap-mutable-blocks,64,21.9,21.9,1.0,1132.8,1121.9,1140.6,1239.1,1225.0,1256.2,0.914,12.5,14.1,0.887,8851.6,8757.8,1.011,6.2,6.2,1.0,10023.4,10015.6,10026.6,10037.5,10012.5,10346.9,0.999,28826.6,28864.1,0.999,18343.8,18265.6,18343.8,18375.0,18250.0,18375.0,0.998
small-64,ray-tracing,d3d12,bulk-root-two-frozen-blocks,64,32.8,39.1,0.839,2409.4,2403.1,2643.8,1692.2,1684.4,1917.2,1.424,3375.0,3503.1,0.963,476.6,504.7,0.944,6.2,7.8,0.795,6325.0,6267.2,6871.9,5732.8,5706.2,5773.4,1.103,30628.1,28759.4,1.065,22943.0,22267.5,22944.0,21728.0,19340.0,21733.5,1.056
small-64,ray-tracing,d3d12,fresh-frozen-blocks,64,35.9,39.1,0.918,6746.9,6682.8,7396.9,11417.2,11339.1,12428.1,0.591,3251.6,3240.6,1.003,459.4,503.1,0.913,6.2,7.8,0.795,10528.1,10195.3,11804.7,15339.1,15010.9,16443.8,0.686,34440.6,40504.7,0.85,22920.0,22183.5,22942.0,22921.5,22844.5,23064.0,1.0
small-64,ray-tracing,d3d12,fresh-mutable-blocks,64,35.9,37.5,0.957,6742.2,6737.5,7026.6,7115.6,7079.7,7703.1,0.948,3489.1,3225.0,1.082,507.8,460.9,1.102,6.2,7.8,0.795,10628.1,10414.1,11148.4,10846.9,10714.1,11485.9,0.98,35550.0,35770.3,0.994,22927.5,22267.0,22944.0,22912.0,22826.5,23040.0,1.001
small-64,ray-tracing,d3d12,mutate-blocks,64,35.9,34.4,1.044,5609.4,5312.5,5792.2,5551.6,5528.1,5568.8,1.01,3167.2,3179.7,0.996,479.7,517.2,0.927,6.2,7.8,0.795,9395.3,9014.1,9753.1,9265.6,9246.9,9279.7,1.014,33648.4,34271.9,0.982,22932.0,22144.0,22952.0,22904.0,22814.0,23051.0,1.001
small-64,ray-tracing,d3d12,root-mutable-blocks,64,35.9,43.8,0.82,2198.4,2190.6,2460.9,2275.0,2203.1,2381.2,0.966,3493.8,3479.7,1.004,500.0,487.5,1.026,6.2,7.8,0.795,6250.0,6189.1,6568.8,6221.9,6217.2,6739.1,1.005,30507.8,30610.9,0.997,22944.0,21920.0,22944.0,22942.5,20420.5,23050.5,1.0
small-64,ray-tracing,d3d12,root-one-frozen-block,64,34.4,37.5,0.917,2170.3,2064.1,2195.3,1884.4,1781.2,1892.2,1.152,3364.1,3428.1,0.981,462.5,482.8,0.958,6.2,7.8,0.795,5985.9,5889.1,6264.1,5814.1,5701.6,5960.9,1.03,30465.6,29065.6,1.048,22939.5,18931.5,22944.0,21748.5,19424.0,21853.0,1.055
small-64,ray-tracing,d3d12,root-two-frozen-blocks,64,35.9,42.2,0.851,2081.2,2079.7,2201.6,1462.5,1459.4,1471.9,1.423,3210.9,3481.2,0.922,539.1,518.8,1.039,6.2,7.8,0.795,5951.6,5696.9,6400.0,5589.1,5564.1,5610.9,1.065,29954.7,28582.8,1.048,22946.5,22195.5,22947.5,21702.5,21663.0,21847.5,1.057
small-64,ray-tracing,d3d12,rotate-frozen-roots,64,35.9,43.8,0.82,2087.5,2057.8,2121.9,398.4,285.9,412.5,5.24,3276.6,3840.6,0.853,509.4,495.3,1.028,6.2,9.4,0.66,6040.6,5800.0,6159.4,4807.8,4771.9,4900.0,1.256,30121.9,29429.7,1.024,22917.0,22186.5,22944.0,23040.0,20768.0,23136.0,0.995
small-64,ray-tracing,d3d12,rotate-mutable-roots,64,37.5,37.5,1.0,2196.9,2106.2,2379.7,2621.9,2325.0,2656.2,0.838,3507.8,3485.9,1.006,470.3,487.5,0.965,6.2,7.8,0.795,6296.9,6185.9,6385.9,6489.1,6217.2,6596.9,0.97,30426.6,30764.1,0.989,22947.5,22139.0,22961.5,22917.0,21888.0,22976.0,1.001
small-64,ray-tracing,d3d12,static-frozen-root,64,35.9,37.5,0.957,1990.6,1987.5,1996.9,167.2,157.8,204.7,11.906,3489.1,3428.1,1.018,484.4,525.0,0.923,6.2,6.2,1.0,6056.2,5967.2,6057.8,4167.2,3935.9,4254.7,1.453,30748.4,24828.1,1.238,23328.0,22432.0,23477.0,19571.5,17316.5,19699.0,1.192
small-64,ray-tracing,d3d12,static-mutable,64,35.9,40.6,0.884,1995.3,1985.9,2218.8,2075.0,2050.0,2443.8,0.962,3509.4,3498.4,1.003,446.9,470.3,0.95,6.2,7.8,0.795,6048.4,5814.1,6203.1,6220.3,6101.6,6864.1,0.972,30529.7,30801.6,0.991,23288.5,22405.5,23483.0,23304.5,20743.5,23529.5,0.999
small-64,ray-tracing,d3d12,swap-frozen-blocks,64,35.9,37.5,0.957,2550.0,2476.6,2557.8,2312.5,2214.1,2450.0,1.103,3542.2,3504.7,1.011,485.9,503.1,0.966,6.2,7.8,0.795,6564.1,6539.1,6860.9,6295.3,6292.2,6481.2,1.043,30731.2,30784.4,0.998,22944.0,22147.5,22970.0,22944.0,22876.5,23095.5,1.0
small-64,ray-tracing,d3d12,swap-mutable-blocks,64,37.5,37.5,1.0,2560.9,2481.2,2603.1,2725.0,2581.2,3064.1,0.94,3523.4,3487.5,1.01,485.9,501.6,0.969,6.2,6.2,1.0,6682.8,6531.2,6792.2,6729.7,6701.6,7343.8,0.993,30773.4,31084.4,0.99,22944.0,22174.0,22966.0,22940.5,22848.0,23072.0,1.0
small-64,ray-tracing,vulkan,bulk-root-two-frozen-blocks,64,37.5,39.1,0.959,1887.5,1845.3,1890.6,1207.8,1207.8,1873.4,1.563,2710.9,2754.7,0.984,396.9,390.6,1.016,6.2,7.8,0.795,5045.3,4985.9,5140.6,5117.2,4309.4,5168.8,0.986,22200.0,19865.6,1.118,15668.5,15647.5,16896.0,13395.5,12628.5,15048.0,1.17
small-64,ray-tracing,vulkan,fresh-frozen-blocks,64,37.5,43.8,0.856,7964.1,7885.9,9292.2,14510.9,14156.2,15525.0,0.549,2725.0,2800.0,0.973,401.6,403.1,0.996,6.2,6.2,1.0,11107.8,11035.9,13431.2,17739.1,17440.6,19903.1,0.626,29450.0,35506.2,0.829,15720.5,15648.0,16891.0,15278.0,14358.0,17165.5,1.029
small-64,ray-tracing,vulkan,fresh-mutable-blocks,64,37.5,39.1,0.959,7960.9,7939.1,9201.6,8726.6,8626.6,9343.8,0.912,2771.9,2954.7,0.938,396.9,393.8,1.008,6.2,7.8,0.795,11143.8,11029.7,13429.7,12268.8,11748.4,13243.8,0.908,29943.8,31110.9,0.962,15712.5,15643.0,16896.0,16464.0,15583.0,18227.5,0.954
small-64,ray-tracing,vulkan,mutate-blocks,64,37.5,43.8,0.856,5889.1,5682.8,6103.1,6465.6,5956.2,7198.4,0.911,2681.2,2812.5,0.953,404.7,392.2,1.032,6.2,7.8,0.795,8978.1,8803.1,9179.7,9770.3,9070.3,11367.2,0.919,26198.4,27637.5,0.948,15722.0,15650.0,16896.0,16437.0,15592.5,18338.5,0.957
small-64,ray-tracing,vulkan,root-mutable-blocks,64,37.5,42.2,0.889,1690.6,1656.2,1746.9,1785.9,1745.3,2293.8,0.947,2776.6,2987.5,0.929,392.2,401.6,0.977,6.2,7.8,0.795,4850.0,4753.1,5139.1,5706.2,5090.6,6217.2,0.85,22214.1,25190.6,0.882,15731.5,15581.0,16904.5,16465.0,15583.0,18270.0,0.955
small-64,ray-tracing,vulkan,root-one-frozen-block,64,35.9,43.8,0.82,1678.1,1656.2,3070.3,1446.9,1412.5,2445.3,1.16,2720.3,2740.6,0.993,384.4,390.6,0.984,6.2,7.8,0.795,4803.1,4737.5,7128.1,4625.0,4523.4,6418.8,1.039,21767.2,22743.8,0.957,15721.0,15595.5,16903.0,14999.5,14081.5,16678.5,1.048
small-64,ray-tracing,vulkan,root-two-frozen-blocks,64,39.1,39.1,1.0,1660.9,1648.4,1926.6,1004.7,1001.6,1012.5,1.653,2746.9,2818.8,0.974,396.9,389.1,1.02,6.2,7.8,0.795,4823.4,4773.4,5182.8,4242.2,4085.9,4353.1,1.137,23054.7,18910.9,1.219,15735.5,15717.5,16928.0,13400.0,12608.0,15072.0,1.174
small-64,ray-tracing,vulkan,rotate-frozen-roots,64,39.1,40.6,0.963,2425.0,1675.0,2565.6,420.3,304.7,484.4,5.77,2753.1,3725.0,0.739,387.5,409.4,0.947,6.2,7.8,0.795,5637.5,4843.8,6075.0,4595.3,3943.8,5281.2,1.227,23101.6,21407.8,1.079,15744.0,15646.0,16900.5,15281.5,14331.0,17014.5,1.03
small-64,ray-tracing,vulkan,rotate-mutable-roots,64,39.1,42.2,0.927,2190.6,1662.5,2640.6,2203.1,2001.6,3040.6,0.994,2784.4,2746.9,1.014,392.2,393.8,0.996,6.2,7.8,0.795,5401.6,4790.6,6017.2,5328.1,5126.6,6417.2,1.014,22954.7,23357.8,0.983,15712.0,15702.0,16928.0,16448.0,15545.0,18303.5,0.955
small-64,ray-tracing,vulkan,static-frozen-root,64,39.1,37.5,1.043,2687.5,1446.9,2692.2,162.5,145.3,221.9,16.538,3540.6,2576.6,1.374,404.7,378.1,1.07,6.2,7.8,0.795,6715.6,4610.9,6954.7,3223.4,3043.8,3251.6,2.083,24210.9,16625.0,1.456,15844.5,15802.5,17181.5,12125.0,11296.0,13984.0,1.307
small-64,ray-tracing,vulkan,static-mutable,64,37.5,40.6,0.924,1473.4,1450.0,1507.8,1645.3,1542.2,2482.8,0.896,2765.6,2735.9,1.011,389.1,385.9,1.008,6.2,6.2,1.0,4681.2,4582.8,4764.1,4823.4,4645.3,6987.5,0.971,21951.6,22798.4,0.963,15803.0,15744.0,17184.0,16708.5,15777.0,18905.5,0.946
small-64,ray-tracing,vulkan,swap-frozen-blocks,64,37.5,45.3,0.828,2210.9,1968.8,2296.9,2339.1,1892.2,2584.4,0.945,2701.6,2878.1,0.939,396.9,401.6,0.988,6.2,9.4,0.66,5450.0,5142.2,5482.8,5825.0,5103.1,6170.3,0.936,22468.8,22951.6,0.979,15680.0,15584.0,16887.5,15299.5,14336.0,16961.0,1.025
small-64,ray-tracing,vulkan,swap-mutable-blocks,64,37.5,39.1,0.959,2048.4,2032.8,2382.8,2523.4,2431.2,2748.4,0.812,2729.7,2935.9,0.93,390.6,401.6,0.973,6.2,6.2,1.0,5167.2,5140.6,5582.8,5623.4,5532.8,6370.3,0.919,22645.3,23693.8,0.956,15712.5,15630.0,16913.0,16442.0,15545.0,18240.0,0.956
pinned-1024,compute,cpu,bulk-root-two-frozen-blocks,1024,5.0,4.6,1.087,746.7,745.8,751.6,632.7,631.3,635.3,1.18,12.6,10.2,1.235,20.0,15.8,1.266,58.2,27.1,2.148,841.8,839.7,847.9,695.1,690.4,696.9,1.211,841.8,695.1,1.211,19.8,19.7,19.9,15.6,15.6,15.8,1.269
pinned-1024,compute,cpu,fresh-frozen-blocks,1024,5.3,5.5,0.964,5928.3,5877.6,5948.8,10750.5,10527.5,11638.5,0.551,13.1,18.0,0.728,20.2,37.4,0.54,59.3,1271.7,0.047,6023.5,5979.0,6045.0,12126.5,11992.7,12968.0,0.497,6023.5,12126.6,0.497,20.0,19.9,20.2,36.8,33.2,37.0,0.543
pinned-1024,compute,cpu,fresh-mutable-blocks,1024,4.9,5.3,0.925,5866.8,5841.3,5903.8,6314.4,6277.4,6376.9,0.929,12.9,13.3,0.97,20.2,20.5,0.985,59.0,59.9,0.985,5961.9,5937.7,6001.3,6408.9,6395.3,6475.9,0.93,5961.9,6409.0,0.93,20.0,19.9,20.1,20.2,19.9,20.5,0.99
pinned-1024,compute,cpu,mutate-blocks,1024,5.0,4.8,1.042,3774.6,3759.4,3804.4,4019.6,3987.1,4020.6,0.939,12.7,12.8,0.992,20.1,20.4,0.985,58.1,61.0,0.952,3873.4,3864.0,3899.9,4123.9,4085.2,4125.9,0.939,3873.5,4123.9,0.939,19.9,19.8,19.9,20.2,20.0,20.3,0.985
pinned-1024,compute,cpu,root-mutable-blocks,1024,4.9,4.6,1.065,556.2,552.1,568.4,578.6,570.2,587.5,0.961,12.5,12.5,1.0,19.8,20.1,0.985,57.5,58.4,0.985,650.8,647.2,669.7,676.4,671.0,693.8,0.962,650.9,676.4,0.962,19.6,19.6,19.7,19.9,19.8,20.0,0.985
pinned-1024,compute,cpu,root-one-frozen-block,1024,5.0,4.8,1.042,562.7,547.7,573.4,517.6,499.2,522.5,1.087,12.4,12.4,1.0,19.9,18.9,1.053,58.0,42.1,1.378,656.3,643.4,668.9,600.5,576.9,600.9,1.093,656.3,600.6,1.093,19.7,19.7,20.1,18.9,18.7,18.9,1.042
pinned-1024,compute,cpu,root-two-frozen-blocks,1024,5.3,4.9,1.082,559.6,549.8,565.0,440.9,432.3,441.1,1.269,12.4,10.0,1.24,19.7,15.8,1.247,56.9,26.4,2.155,656.7,644.4,661.3,497.6,492.7,504.4,1.32,656.7,497.7,1.319,19.6,19.6,19.9,15.7,15.6,15.7,1.248
pinned-1024,compute,cpu,rotate-frozen-roots,1024,5.0,4.7,1.064,473.1,464.5,478.3,176.5,171.5,177.5,2.68,13.0,6.6,1.97,19.9,33.4,0.596,58.1,13.9,4.18,573.8,564.7,576.2,237.7,231.9,239.8,2.414,573.9,237.7,2.414,19.8,19.7,19.8,33.3,33.2,33.9,0.595
pinned-1024,compute,cpu,rotate-mutable-roots,1024,5.5,6.6,0.833,481.2,475.1,489.4,535.6,526.1,539.8,0.898,13.1,13.4,0.978,19.9,20.0,0.995,58.3,59.2,0.985,578.8,572.0,584.5,632.8,632.4,647.1,0.915,578.8,632.8,0.915,19.8,19.8,19.8,19.8,19.8,20.0,1.0
pinned-1024,compute,cpu,static-frozen-root,1024,5.1,4.8,1.062,400.3,395.4,420.9,137.4,131.5,138.0,2.913,12.4,6.5,1.908,19.9,14.4,1.382,57.9,11.3,5.124,495.7,490.9,518.7,176.3,170.5,177.4,2.812,495.7,176.3,2.812,19.8,19.7,19.8,14.2,14.1,14.4,1.394
pinned-1024,compute,cpu,static-mutable,1024,4.8,5.0,0.96,401.2,398.2,421.6,435.2,429.5,445.2,0.922,12.4,12.6,0.984,19.9,20.2,0.985,58.9,59.0,0.998,496.3,492.0,517.4,531.5,522.8,551.6,0.934,496.3,531.5,0.934,19.8,19.7,19.9,20.0,19.7,20.2,0.99
pinned-1024,compute,cpu,swap-frozen-blocks,1024,5.1,4.8,1.062,818.3,790.9,825.8,818.9,796.4,819.1,0.999,12.8,11.3,1.133,19.8,24.6,0.805,57.9,32.0,1.809,915.0,886.2,922.0,892.2,866.2,898.1,1.026,915.0,892.3,1.025,19.6,19.6,19.9,24.4,23.7,24.5,0.803
pinned-1024,compute,cpu,swap-mutable-blocks,1024,5.1,4.9,1.041,820.6,813.2,825.6,875.2,842.7,889.4,0.938,12.9,13.0,0.992,20.0,20.2,0.99,58.1,58.5,0.993,916.7,908.5,924.0,970.5,937.6,994.1,0.945,916.7,970.5,0.945,19.8,19.8,20.1,20.0,19.9,20.0,0.99
pinned-1024,compute,cuda,bulk-root-two-frozen-blocks,1024,1.3,1.4,0.929,901.6,897.0,908.3,665.2,663.6,670.6,1.355,8.3,9.4,0.883,4820.5,4509.8,1.069,0.4,0.4,1.0,5741.0,5739.4,5753.1,5186.9,5093.4,5304.8,1.107,6584.1,7717.4,0.853,5265.6,5245.1,5378.9,6841.8,6668.0,7032.2,0.77
pinned-1024,compute,cuda,fresh-frozen-blocks,1024,1.2,1.4,0.857,6011.4,5994.4,6018.3,77185.9,76964.7,77591.6,0.078,8.2,10.7,0.766,4855.1,4643.4,1.046,0.4,1.1,0.364,10851.6,10808.1,10885.3,82000.0,81490.3,82326.6,0.132,11924.3,85840.0,0.139,5491.2,5320.3,5546.9,6903.3,6842.8,7018.6,0.795
pinned-1024,compute,cuda,fresh-mutable-blocks,1024,1.3,1.4,0.929,5980.6,5861.7,6017.3,6380.7,6362.9,6403.4,0.937,8.1,8.3,0.976,4847.9,4773.1,1.016,0.5,0.5,1.0,10812.4,10805.6,10862.9,11175.9,11074.3,11216.2,0.967,12020.7,13827.6,0.869,5425.8,5401.4,5647.5,7059.6,6897.5,7115.2,0.769
pinned-1024,compute,cuda,mutate-blocks,1024,1.2,1.4,0.857,3831.3,3820.3,3834.2,4028.3,4018.5,4031.6,0.951,8.1,9.2,0.88,4814.4,4780.8,1.007,0.4,0.5,0.8,8637.9,8606.6,8702.3,8844.5,8677.6,8872.3,0.977,9657.0,11379.8,0.849,5324.2,5156.2,5405.3,6929.7,6849.6,6981.4,0.768
pinned-1024,compute,cuda,root-mutable-blocks,1024,1.2,1.3,0.923,709.3,708.7,709.4,755.8,753.4,758.8,0.938,8.3,9.4,0.883,4823.9,4826.1,1.0,0.4,0.4,1.0,5543.6,5515.0,5604.9,5611.4,5443.4,5618.8,0.988,6572.2,8129.0,0.808,5435.5,5009.8,5650.4,6953.1,6905.3,7120.1,0.782
pinned-1024,compute,cuda,root-one-frozen-block,1024,1.2,1.4,0.857,705.3,705.0,713.7,637.7,630.1,639.8,1.106,8.3,9.4,0.883,4820.6,4639.0,1.039,0.4,0.5,0.8,5528.2,5493.8,5544.0,5274.4,5186.7,5327.1,1.048,6503.9,7849.3,0.829,5373.0,5193.4,5449.2,6891.6,6780.3,7136.7,0.78
pinned-1024,compute,cuda,root-two-frozen-blocks,1024,1.2,1.3,0.923,707.5,698.2,709.6,485.3,477.6,491.7,1.458,8.3,9.4,0.883,4830.3,4505.3,1.072,0.4,0.5,0.8,5536.1,5515.9,5587.0,4988.2,4964.6,5121.9,1.11,6975.2,7584.7,0.92,5856.4,5329.1,6126.0,6893.6,6759.8,7192.4,0.85
pinned-1024,compute,cuda,rotate-frozen-roots,1024,1.3,1.5,0.867,568.8,558.8,577.8,151.8,150.9,152.2,3.747,8.3,8.5,0.976,4834.3,4430.3,1.091,0.4,0.5,0.8,5435.7,5341.9,5450.9,4590.8,4586.8,4655.8,1.184,6277.8,7239.1,0.867,5293.0,5275.4,6000.0,6982.4,6950.2,7155.3,0.758
pinned-1024,compute,cuda,rotate-mutable-roots,1024,1.4,2.8,0.5,573.4,562.4,580.6,678.3,659.2,699.1,0.845,8.2,8.7,0.943,4856.8,4747.9,1.023,0.5,0.5,1.0,5424.6,5403.8,5466.3,5459.1,5387.6,5474.8,0.994,6470.9,8035.6,0.805,5490.2,4967.8,5528.3,6872.1,6693.4,6946.3,0.799
pinned-1024,compute,cuda,static-frozen-root,1024,1.2,1.4,0.857,542.9,539.0,544.0,112.8,111.0,116.5,4.813,8.2,9.3,0.882,4789.9,4433.7,1.08,0.4,0.5,0.8,5337.9,5332.0,5434.9,4561.3,4447.9,4597.9,1.17,6241.5,7090.8,0.88,5276.4,4887.7,5783.2,6878.9,6837.9,7138.7,0.767
pinned-1024,compute,cuda,static-mutable,1024,1.2,1.4,0.857,535.8,533.8,546.1,578.9,575.3,579.8,0.926,8.3,9.4,0.883,4786.5,4752.9,1.007,0.4,0.5,0.8,5335.9,5325.4,5383.3,5339.4,5261.0,5426.3,0.999,6156.1,7982.1,0.771,5206.1,5113.3,5422.9,6981.4,6881.8,7106.4,0.746
pinned-1024,compute,cuda,swap-frozen-blocks,1024,1.3,1.3,1.0,953.7,946.1,958.6,832.4,830.6,835.3,1.146,8.3,9.4,0.883,4826.3,4576.5,1.055,0.4,0.5,0.8,5791.3,5753.2,5798.0,5420.1,5307.9,5550.1,1.068,6789.8,8047.5,0.844,5415.0,5243.2,5427.7,6995.1,6955.1,7012.7,0.774
pinned-1024,compute,cuda,swap-mutable-blocks,1024,1.3,1.4,0.929,952.9,945.9,963.8,1027.1,1026.2,1029.5,0.928,8.3,8.8,0.943,4817.9,4820.4,0.999,0.4,0.5,0.8,5775.6,5737.0,5822.3,5856.9,5697.8,5867.0,0.986,7121.6,8273.7,0.861,5749.0,5293.9,5923.8,6832.0,6495.1,7127.9,0.841
pinned-1024,compute,d3d11,bulk-root-two-frozen-blocks,1024,9.6,9.9,0.97,1204.4,1162.2,1269.9,1038.1,1023.3,1057.7,1.16,15.9,15.2,1.046,1271.4,1275.2,0.997,132.3,117.0,1.131,2637.6,2571.7,2695.0,2465.3,2436.6,2489.5,1.07,15988.9,16046.5,0.996,5192.1,5130.4,5421.4,4442.0,4436.0,4442.6,1.169
pinned-1024,compute,d3d11,fresh-frozen-blocks,1024,9.6,9.8,0.98,6261.2,6247.6,6269.1,18490.2,18460.4,18533.4,0.339,14.9,67.6,0.22,1259.7,2022.1,0.623,129.9,2733.9,0.048,7671.2,7662.5,7677.1,23308.7,23036.3,23483.1,0.329,16047.0,34996.8,0.459,5174.3,5128.0,5191.5,6294.4,6288.2,6294.7,0.822
pinned-1024,compute,d3d11,fresh-mutable-blocks,1024,9.4,10.1,0.931,6186.6,6170.2,6270.9,6655.1,6609.2,6711.5,0.93,15.1,15.2,0.993,1258.6,1258.4,1.0,122.8,125.8,0.976,7585.4,7584.8,7670.1,8043.4,8037.2,8163.1,0.943,15974.7,16059.7,0.995,5174.0,5076.0,5193.8,6219.5,6215.7,6222.5,0.832
pinned-1024,compute,d3d11,mutate-blocks,1024,9.7,9.4,1.032,4130.0,4109.4,4185.0,4289.6,4276.7,4316.6,0.963,14.9,15.4,0.968,1254.1,1270.2,0.987,118.3,114.7,1.031,5525.7,5511.6,5595.2,5701.3,5694.1,5714.5,0.969,16039.6,16069.5,0.998,5174.1,5076.3,5190.0,6221.8,6220.9,6223.2,0.832
pinned-1024,compute,d3d11,root-mutable-blocks,1024,9.4,9.3,1.011,1011.3,1008.3,1030.3,1067.1,1060.8,1071.8,0.948,15.2,16.0,0.95,1274.9,1311.8,0.972,131.0,126.7,1.034,2448.7,2431.5,2456.2,2522.8,2508.6,2529.7,0.971,16056.4,16149.3,0.994,5322.9,5186.7,5427.8,6224.4,6224.0,6230.0,0.855
pinned-1024,compute,d3d11,root-one-frozen-block,1024,10.4,9.5,1.095,1023.6,1004.1,1041.9,969.7,932.2,970.0,1.056,15.6,16.0,0.975,1275.7,1307.3,0.976,134.7,117.7,1.144,2464.5,2428.6,2480.7,2404.2,2389.8,2442.9,1.025,16084.4,16053.6,1.002,5428.0,5191.1,5481.5,5332.4,5331.3,5340.6,1.018
pinned-1024,compute,d3d11,root-two-frozen-blocks,1024,9.9,9.3,1.065,999.2,970.9,1002.7,833.1,818.1,865.1,1.199,16.5,15.8,1.044,1276.1,1307.1,0.976,131.8,129.0,1.022,2439.1,2391.0,2444.1,2263.6,2258.7,2309.8,1.078,16068.2,16013.4,1.003,5178.0,5078.9,5196.3,4439.8,4436.8,4442.0,1.166
pinned-1024,compute,d3d11,rotate-frozen-roots,1024,9.3,9.6,0.969,912.5,895.0,950.7,201.7,199.2,209.4,4.524,16.8,13.4,1.254,1291.7,1381.1,0.935,130.3,24.0,5.429,2368.4,2337.1,2395.1,1646.6,1636.1,1654.5,1.438,16115.6,15928.2,1.012,5180.0,5136.5,5192.0,3952.0,3948.0,3956.7,1.311
pinned-1024,compute,d3d11,rotate-mutable-roots,1024,9.6,16.4,0.585,906.3,891.8,907.8,989.7,977.8,1000.5,0.916,16.0,19.8,0.808,1298.1,1300.9,0.998,131.9,133.9,0.985,2365.0,2345.2,2374.3,2466.4,2457.6,2468.2,0.959,16060.4,11221.4,1.431,5174.0,5130.4,5189.2,6224.0,6222.4,6226.2,0.831
pinned-1024,compute,d3d11,static-frozen-root,1024,9.3,9.4,0.989,822.0,791.3,823.5,162.2,159.2,167.7,5.068,15.6,12.9,1.209,1279.5,763.7,1.675,129.2,41.5,3.113,2261.5,2216.0,2272.4,993.0,968.4,996.1,2.277,16064.3,15947.8,1.007,5185.6,5134.0,5425.8,2638.5,2637.6,2639.6,1.965
pinned-1024,compute,d3d11,static-mutable,1024,9.6,9.7,0.99,814.4,812.2,822.5,872.1,868.4,929.4,0.934,15.6,16.2,0.963,1276.5,1285.5,0.993,131.1,111.0,1.181,2262.3,2259.3,2264.3,2304.6,2288.4,2360.4,0.982,16009.3,16044.2,0.998,5189.5,5126.2,5428.5,6226.7,6212.0,6227.2,0.833
pinned-1024,compute,d3d11,swap-frozen-blocks,1024,9.5,9.7,0.979,1313.9,1264.7,1338.3,1297.6,1296.9,1336.3,1.013,15.7,16.3,0.963,1298.7,1309.1,0.992,130.9,112.1,1.168,2766.4,2708.4,2822.8,2755.5,2740.9,2792.8,1.004,16107.0,16058.6,1.003,5175.5,5077.3,5190.1,5090.2,5089.8,5096.5,1.017
pinned-1024,compute,d3d11,swap-mutable-blocks,1024,9.6,9.3,1.032,1354.3,1297.1,1397.5,1386.9,1384.2,1412.2,0.976,16.1,16.8,0.958,1301.0,1291.6,1.007,128.5,125.4,1.025,2788.0,2747.4,2849.4,2830.5,2809.3,2838.7,0.985,16072.3,16096.4,0.999,5180.0,5078.7,5187.3,6224.0,6223.0,6225.5,0.832
pinned-1024,compute,wgpu,bulk-root-two-frozen-blocks,1024,11.5,12.8,0.898,5356.9,4805.2,5373.9,2989.3,2943.7,3135.7,1.792,1349.0,1406.3,0.959,1502.9,1096.3,1.371,382.0,145.0,2.634,8638.1,8071.8,8686.7,5622.1,5590.2,5952.1,1.536,11239.5,8165.1,1.377,-1.0,-1.0,-1.0,-1.0,-1.0,-1.0,
pinned-1024,compute,wgpu,fresh-frozen-blocks,1024,11.4,13.1,0.87,11121.5,10534.7,11137.5,22554.5,22370.1,22757.3,0.493,1356.7,1517.6,0.894,1586.4,2001.1,0.793,385.8,2402.4,0.161,14444.7,13893.8,14490.7,28456.6,28397.3,28667.1,0.508,16893.8,31035.4,0.544,-1.0,-1.0,-1.0,-1.0,-1.0,-1.0,
pinned-1024,compute,wgpu,fresh-mutable-blocks,1024,11.9,12.8,0.93,11213.2,11146.1,11226.0,11770.7,11732.8,11797.2,0.953,1351.3,1377.9,0.981,1520.6,1584.1,0.96,383.4,390.9,0.981,14507.2,14405.3,14522.7,15114.5,15084.5,15150.7,0.96,17008.6,17635.7,0.964,-1.0,-1.0,-1.0,-1.0,-1.0,-1.0,
pinned-1024,compute,wgpu,mutate-blocks,1024,11.5,13.1,0.878,9059.9,8404.6,9125.6,9408.9,9398.5,9432.9,0.963,1358.2,1383.8,0.982,1604.9,1579.3,1.016,381.1,393.0,0.97,12347.5,11755.4,12439.4,12739.9,12724.4,12747.0,0.969,14876.4,15288.9,0.973,-1.0,-1.0,-1.0,-1.0,-1.0,-1.0,
pinned-1024,compute,wgpu,root-mutable-blocks,1024,11.8,12.4,0.952,5079.4,4409.8,5126.5,4756.7,4551.0,4769.5,1.068,1351.1,1384.8,0.976,1573.8,1226.5,1.283,386.5,387.0,0.999,8355.3,7767.9,8409.1,7753.0,7572.5,7863.7,1.078,10704.0,10648.8,1.005,-1.0,-1.0,-1.0,-1.0,-1.0,-1.0,
pinned-1024,compute,wgpu,root-one-frozen-block,1024,12.2,12.6,0.968,5156.5,5007.6,5194.4,4419.5,4376.1,4554.5,1.167,1365.4,1408.9,0.969,1576.1,1538.2,1.025,383.9,276.7,1.387,8515.8,8211.5,8516.4,7654.7,7602.8,7819.5,1.112,10918.1,10001.7,1.092,-1.0,-1.0,-1.0,-1.0,-1.0,-1.0,
pinned-1024,compute,wgpu,root-two-frozen-blocks,1024,11.2,13.0,0.862,5103.9,5014.6,5127.2,3427.1,3424.0,3493.0,1.489,1357.6,1428.8,0.95,1560.9,1392.9,1.121,383.5,143.8,2.667,8413.5,8185.9,8425.0,6441.0,6403.3,6449.5,1.306,10965.6,8583.8,1.277,-1.0,-1.0,-1.0,-1.0,-1.0,-1.0,
pinned-1024,compute,wgpu,rotate-frozen-roots,1024,11.8,15.3,0.771,4873.1,4259.8,5005.7,191.6,175.0,200.1,25.434,1346.1,1485.8,0.906,1580.9,1478.7,1.069,384.7,22.8,16.873,8242.3,7548.7,8335.0,3177.1,3131.7,3305.8,2.594,10673.5,5623.8,1.898,-1.0,-1.0,-1.0,-1.0,-1.0,-1.0,
pinned-1024,compute,wgpu,rotate-mutable-roots,1024,11.8,17.0,0.694,5043.5,4961.0,5107.8,5382.7,4715.4,5390.0,0.937,1360.7,1429.8,0.952,1522.0,2554.9,0.596,382.7,396.2,0.966,8262.4,8216.1,8393.7,9723.5,9071.4,9836.4,0.85,10941.7,11358.0,0.963,-1.0,-1.0,-1.0,-1.0,-1.0,-1.0,
pinned-1024,compute,wgpu,static-frozen-root,1024,11.3,12.7,0.89,4914.3,4891.2,4960.9,149.8,145.4,151.6,32.806,1347.5,854.6,1.577,1502.1,1227.2,1.224,384.6,18.9,20.349,8148.0,8119.1,8190.8,2281.6,2234.3,2327.8,3.571,10780.3,4203.5,2.565,-1.0,-1.0,-1.0,-1.0,-1.0,-1.0,
pinned-1024,compute,wgpu,static-mutable,1024,11.2,12.3,0.911,4788.0,4118.7,4966.2,5039.2,5033.9,5428.1,0.95,1348.1,1382.1,0.975,1578.3,1591.6,0.992,384.7,389.0,0.989,8114.6,7440.1,8293.9,8416.5,8415.4,8946.8,0.964,10530.0,10792.9,0.976,-1.0,-1.0,-1.0,-1.0,-1.0,-1.0,
pinned-1024,compute,wgpu,swap-frozen-blocks,1024,12.0,13.0,0.923,5253.5,4698.1,5363.9,3805.0,3777.1,3864.9,1.381,1359.7,1421.1,0.957,1577.2,1520.9,1.037,384.0,150.1,2.558,8579.8,8052.8,8723.0,6965.9,6890.8,7009.2,1.232,10914.8,9382.9,1.163,-1.0,-1.0,-1.0,-1.0,-1.0,-1.0,
pinned-1024,compute,wgpu,swap-mutable-blocks,1024,11.4,12.8,0.891,5430.3,5342.2,5469.0,5721.1,5664.4,5775.9,0.949,1357.4,1374.2,0.988,1503.6,1576.7,0.954,381.3,391.3,0.974,8704.1,8598.3,8727.1,9069.3,9035.8,9112.4,0.96,11146.9,11388.2,0.979,-1.0,-1.0,-1.0,-1.0,-1.0,-1.0,
pinned-1024,graphics,d3d11,bulk-root-two-frozen-blocks,1024,10.1,10.3,0.981,1405.8,1355.5,1418.4,1213.8,1206.2,1242.4,1.158,19.8,17.3,1.145,1057.0,1023.3,1.033,179.2,176.1,1.018,2647.0,2622.9,2698.9,2433.0,2411.7,2487.1,1.088,16103.6,16026.1,1.005,304.4,304.0,314.0,52.6,52.0,54.2,5.787
pinned-1024,graphics,d3d11,fresh-frozen-blocks,1024,10.4,10.5,0.99,6415.0,6343.8,6420.9,18587.4,18564.3,18603.8,0.345,18.0,82.4,0.218,1098.8,2040.8,0.538,172.3,2840.1,0.061,7702.7,7653.4,7753.6,23603.3,23150.5,23616.5,0.326,16057.8,35164.6,0.457,448.0,442.2,452.2,821.0,781.9,833.0,0.546
pinned-1024,graphics,d3d11,fresh-mutable-blocks,1024,10.2,10.2,1.0,6397.1,6348.8,6400.7,6794.4,6733.6,6861.8,0.942,18.5,17.7,1.045,1100.7,1100.0,1.001,167.4,178.4,0.938,7672.9,7630.5,7713.2,8058.7,8037.4,8164.9,0.952,16050.0,16061.5,0.999,450.0,448.8,460.1,447.7,432.0,452.8,1.005
pinned-1024,graphics,d3d11,mutate-blocks,1024,10.2,10.2,1.0,4328.8,4312.8,4351.2,4498.3,4456.9,4536.1,0.962,18.6,17.9,1.039,1078.3,1093.9,0.986,173.3,176.3,0.983,5590.4,5589.8,5672.4,5796.7,5768.3,5820.2,0.964,16051.7,16037.0,1.001,448.2,442.4,460.0,457.7,455.2,458.0,0.979
pinned-1024,graphics,d3d11,root-mutable-blocks,1024,10.3,9.9,1.04,1165.0,1157.0,1177.0,1262.1,1206.5,1269.9,0.923,18.5,18.0,1.028,1047.2,1049.2,0.998,175.8,176.3,0.997,2432.6,2406.9,2435.2,2485.4,2463.9,2521.6,0.979,16014.1,16176.6,0.99,301.7,297.5,301.9,308.0,307.6,309.0,0.98
pinned-1024,graphics,d3d11,root-one-frozen-block,1024,10.2,10.3,0.99,1182.3,1150.1,1230.8,1127.1,1090.8,1137.0,1.049,19.0,18.3,1.038,1059.1,1029.4,1.029,172.7,175.4,0.985,2453.0,2427.0,2485.4,2391.1,2368.3,2394.3,1.026,16049.4,16044.7,1.0,307.8,306.0,314.0,118.0,113.7,118.0,2.608
pinned-1024,graphics,d3d11,root-two-frozen-blocks,1024,10.0,10.4,0.962,1177.8,1126.9,1186.4,1006.0,974.9,1059.3,1.171,20.1,17.5,1.149,1063.6,1019.7,1.043,179.3,172.1,1.042,2421.8,2389.2,2463.4,2243.9,2199.1,2283.7,1.079,16060.4,16065.4,1.0,302.2,294.0,305.4,54.6,54.2,55.9,5.535
pinned-1024,graphics,d3d11,rotate-frozen-roots,1024,10.4,10.4,1.0,1078.3,1072.2,1119.1,414.1,408.0,417.6,2.604,20.6,16.4,1.256,1143.9,1199.1,0.954,174.8,98.5,1.775,2436.4,2416.9,2471.2,1729.1,1718.0,1749.7,1.409,16043.9,15968.0,1.005,480.0,467.8,482.0,462.0,461.4,490.5,1.039
pinned-1024,graphics,d3d11,rotate-mutable-roots,1024,10.5,18.3,0.574,1094.5,1092.4,1216.2,1172.5,1147.1,1193.4,0.933,21.4,21.1,1.014,1123.9,1131.8,0.993,177.9,197.4,0.901,2440.8,2416.9,2539.9,2555.9,2515.5,2569.0,0.955,16065.4,10982.3,1.463,475.7,471.7,479.2,634.6,634.2,641.4,0.75
pinned-1024,graphics,d3d11,static-frozen-root,1024,10.2,10.2,1.0,1004.5,1003.8,1010.2,371.1,348.2,371.2,2.707,19.1,16.0,1.194,1061.6,344.6,3.081,172.6,93.5,1.846,2252.1,2222.0,2386.5,847.5,792.4,856.4,2.657,16063.5,15959.0,1.007,309.1,302.4,351.0,11.7,11.7,11.8,26.419
pinned-1024,graphics,d3d11,static-mutable,1024,10.3,10.2,1.01,989.0,927.0,1056.4,1043.3,1041.2,1060.4,0.948,19.1,18.8,1.016,1051.1,1057.3,0.994,178.6,179.7,0.994,2272.4,2183.2,2293.7,2313.3,2296.5,2315.0,0.982,16065.6,16075.6,0.999,311.8,298.0,314.0,316.0,312.1,359.9,0.987
pinned-1024,graphics,d3d11,swap-frozen-blocks,1024,10.5,10.2,1.029,1470.9,1465.7,1497.7,1438.2,1429.7,1473.3,1.023,19.6,19.0,1.032,1138.6,1174.7,0.969,174.8,173.8,1.006,2822.1,2773.2,2850.1,2814.2,2765.7,2857.2,1.003,16068.2,16054.8,1.001,471.4,469.8,479.9,470.4,459.7,477.2,1.002
pinned-1024,graphics,d3d11,swap-mutable-blocks,1024,10.7,10.4,1.029,1491.3,1476.5,1540.1,1581.0,1568.4,1598.7,0.943,20.2,19.3,1.047,1149.3,1122.2,1.024,172.9,178.8,0.967,2843.8,2823.0,2850.9,2900.0,2871.6,2954.5,0.981,16071.9,16037.2,1.002,461.9,461.1,478.0,479.2,474.0,489.9,0.964
pinned-1024,graphics,wgpu,bulk-root-two-frozen-blocks,1024,6.5,7.5,0.867,5414.1,4749.1,5486.9,3076.1,3020.4,3245.4,1.76,706.9,706.2,1.001,744.5,205.6,3.621,380.6,173.9,2.189,7204.4,6618.9,7313.0,4170.9,4123.9,4309.6,1.727,7209.0,4313.1,1.671,-1.0,-1.0,-1.0,-1.0,-1.0,-1.0,
pinned-1024,graphics,wgpu,fresh-frozen-blocks,1024,6.7,7.0,0.957,11416.1,10683.8,11502.3,22643.2,21967.6,23084.3,0.504,711.0,879.7,0.808,735.6,1020.1,0.721,389.5,2353.0,0.166,13236.6,12521.2,13352.8,26833.7,26326.8,27169.7,0.493,13241.3,26839.3,0.493,-1.0,-1.0,-1.0,-1.0,-1.0,-1.0,
pinned-1024,graphics,wgpu,fresh-mutable-blocks,1024,6.6,7.1,0.93,11306.1,10641.5,11439.1,11844.4,11108.4,11941.9,0.955,701.9,718.2,0.977,730.6,731.7,0.998,383.1,392.2,0.977,13129.9,12480.4,13250.2,13708.6,12977.0,13771.8,0.958,13134.5,13713.2,0.958,-1.0,-1.0,-1.0,-1.0,-1.0,-1.0,
pinned-1024,graphics,wgpu,mutate-blocks,1024,6.6,7.0,0.943,8644.3,8533.3,9257.4,9383.1,8908.4,9566.5,0.921,702.9,721.8,0.974,733.2,729.6,1.005,383.5,393.2,0.975,10448.0,10381.6,11074.6,11174.8,10735.4,11440.5,0.935,10452.9,11179.4,0.935,-1.0,-1.0,-1.0,-1.0,-1.0,-1.0,
pinned-1024,graphics,wgpu,root-mutable-blocks,1024,6.5,6.9,0.942,5198.0,4573.7,5232.1,4834.9,4706.1,4866.5,1.075,700.9,707.1,0.991,729.4,280.9,2.597,388.6,391.1,0.994,7042.7,6353.4,7049.8,6262.2,6114.5,6276.0,1.125,7048.6,6592.1,1.069,-1.0,-1.0,-1.0,-1.0,-1.0,-1.0,
pinned-1024,graphics,wgpu,root-one-frozen-block,1024,6.6,7.3,0.904,5232.2,4554.2,5237.9,4597.2,4186.8,4621.9,1.138,710.2,712.7,0.996,737.1,672.4,1.096,387.5,279.9,1.384,7044.4,6440.4,7071.2,6275.9,5804.8,6309.4,1.122,7048.9,6280.4,1.122,-1.0,-1.0,-1.0,-1.0,-1.0,-1.0,
pinned-1024,graphics,wgpu,root-two-frozen-blocks,1024,6.8,7.3,0.932,5248.2,4550.1,5263.8,3450.4,2831.4,3505.8,1.521,706.2,701.4,1.007,742.9,616.9,1.204,382.4,173.5,2.204,7104.7,6392.5,7128.7,4954.4,4333.9,5019.0,1.434,7110.2,4958.8,1.434,-1.0,-1.0,-1.0,-1.0,-1.0,-1.0,
pinned-1024,graphics,wgpu,rotate-frozen-roots,1024,6.6,7.9,0.835,5156.2,4485.6,5193.3,337.8,337.1,359.0,15.264,708.1,753.3,0.94,728.1,628.9,1.158,392.6,69.2,5.673,7002.0,6323.7,7080.6,1796.6,1795.0,1832.2,3.897,7006.5,1801.2,3.89,-1.0,-1.0,-1.0,-1.0,-1.0,-1.0,
pinned-1024,graphics,wgpu,rotate-mutable-roots,1024,6.4,7.6,0.842,5122.9,4462.2,5198.2,5624.0,4917.7,5691.3,0.911,702.5,738.2,0.952,690.8,1696.9,0.407,379.9,405.8,0.936,6889.7,6268.9,6946.0,8482.8,7811.8,8576.8,0.812,6894.1,8487.9,0.812,-1.0,-1.0,-1.0,-1.0,-1.0,-1.0,
pinned-1024,graphics,wgpu,static-frozen-root,1024,6.6,7.7,0.857,4422.5,4322.8,4999.2,291.2,291.2,291.3,15.187,701.1,118.8,5.902,705.3,471.6,1.496,389.6,66.9,5.824,6296.0,6152.1,6864.3,957.4,954.1,985.0,6.576,6300.8,962.0,6.55,-1.0,-1.0,-1.0,-1.0,-1.0,-1.0,
pinned-1024,graphics,wgpu,static-mutable,1024,6.5,7.5,0.867,4938.5,4298.7,5052.0,5242.6,5060.8,5247.6,0.942,707.0,706.5,1.001,719.0,756.2,0.951,387.5,395.3,0.98,6751.1,6169.7,6872.4,7134.7,6923.4,7138.0,0.946,6755.6,7139.4,0.946,-1.0,-1.0,-1.0,-1.0,-1.0,-1.0,
pinned-1024,graphics,wgpu,swap-frozen-blocks,1024,6.5,7.6,0.855,5520.4,4883.9,5536.8,3904.9,3194.4,3947.1,1.414,702.9,720.9,0.975,726.8,700.3,1.038,385.2,180.5,2.134,7348.1,6738.3,7354.1,5557.9,4783.5,5569.4,1.322,7352.8,5568.5,1.32,-1.0,-1.0,-1.0,-1.0,-1.0,-1.0,
pinned-1024,graphics,wgpu,swap-mutable-blocks,1024,6.5,7.7,0.844,5559.0,4787.2,5607.9,5836.4,5244.1,5887.6,0.952,700.6,711.6,0.985,717.5,743.9,0.965,381.5,399.3,0.955,7375.5,6593.2,7451.6,7660.1,7132.2,7782.7,0.963,7380.4,7665.0,0.963,-1.0,-1.0,-1.0,-1.0,-1.0,-1.0,
cuda-isolated-mutable,compute,cuda,root-mutable-blocks,1024,1.4,1.4,1.0,700.5,691.1,705.5,755.6,746.9,760.2,0.927,7.1,8.6,0.826,4743.1,4749.2,0.999,0.4,0.4,1.0,5455.8,5370.4,5861.3,5514.8,5449.6,5589.6,0.989,7883.3,8136.5,0.969,6764.6,6572.3,7088.9,6967.8,6406.2,7889.6,0.971
cuda-isolated-two-frozen,compute,cuda,root-two-frozen-blocks,1024,1.5,1.5,1.0,699.3,691.9,707.9,478.4,477.4,505.0,1.462,7.1,9.3,0.763,4839.3,4671.2,1.036,0.4,0.4,1.0,5552.2,5396.4,5607.5,5157.0,4972.9,5192.4,1.077,7884.1,7323.1,1.077,6767.6,6413.1,7457.0,6638.7,6400.4,7148.4,1.019
